Texte,Categorie,Gravite_Reelle
Serveur HS,Infra,10
Souris cassée,Matériel,1
Serveur HS,Infra,10
Souris cassée,Matériel,1
Serveur HS,Infra,10
Souris cassée,Matériel,1
Serveur HS,Infra,10
Souris cassée,Matériel,1
Serveur HS,Infra,10
Souris cassée,Matériel,1
Serveur HS,Infra,10
Souris cassée,Matériel,1
Serveur HS,Infra,10
Souris cassée,Matériel,1
Serveur HS,Infra,10
Souris cassée,Matériel,1
Serveur HS,Infra,10
Souris cassée,Matériel,1
Serveur HS,Infra,10
Souris cassée,Matériel,1
Serveur HS,Infra,10
Souris cassée,Matériel,1
Serveur HS,Infra,10
Souris cassée,Matériel,1
Serveur HS,Infra,10
Souris cassée,Matériel,1
Serveur HS,Infra,10
Souris cassée,Matériel,1
Serveur HS,Infra,10
Souris cassée,Matériel,1
Serveur HS,Infra,10
Souris cassée,Matériel,1
Serveur HS,Infra,10
Souris cassée,Matériel,1
Serveur HS,Infra,10
Souris cassée,Matériel,1
Serveur HS,Infra,10
Souris cassée,Matériel,1
Serveur HS,Infra,10
Souris cassée,Matériel,1
Serveur HS,Infra,10
Souris cassée,Matériel,1
Serveur HS,Infra,10
Souris cassée,Matériel,1
Serveur HS,Infra,10
Souris cassée,Matériel,1
Serveur HS,Infra,10
Souris cassée,Matériel,1
Serveur HS,Infra,10
Souris cassée,Matériel,1
Serveur HS,Infra,10
Souris cassée,Matériel,1
Serveur HS,Infra,10
Souris cassée,Matériel,1
Serveur HS,Infra,10
Souris cassée,Matériel,1
Serveur HS,Infra,10
Souris cassée,Matériel,1
Serveur HS,Infra,10
Souris cassée,Matériel,1
Serveur HS,Infra,10
Souris cassée,Matériel,1
Serveur HS,Infra,10
Souris cassée,Matériel,1
Serveur HS,Infra,10
Souris cassée,Matériel,1
Serveur HS,Infra,10
Souris cassée,Matériel,1
Serveur HS,Infra,10
Souris cassée,Matériel,1
Serveur HS,Infra,10
Souris cassée,Matériel,1
Serveur HS,Infra,10
Souris cassée,Matériel,1
Serveur HS,Infra,10
Souris cassée,Matériel,1
Serveur HS,Infra,10
Souris cassée,Matériel,1
Serveur HS,Infra,10
Souris cassée,Matériel,1
Serveur HS,Infra,10
Souris cassée,Matériel,1
Serveur HS,Infra,10
Souris cassée,Matériel,1
Serveur HS,Infra,10
Souris cassée,Matériel,1
Serveur HS,Infra,10
Souris cassée,Matériel,1
Serveur HS,Infra,10
Souris cassée,Matériel,1
Serveur HS,Infra,10
Souris cassée,Matériel,1
Serveur HS,Infra,10
Souris cassée,Matériel,1
Serveur HS,Infra,10
Souris cassée,Matériel,1
Serveur HS,Infra,10
Souris cassée,Matériel,1
Serveur HS,Infra,10
Souris cassée,Matériel,1
Serveur HS,Infra,10
Souris cassée,Matériel,1
Serveur HS,Infra,10
Souris cassée,Matériel,1
Serveur HS,Infra,10
Souris cassée,Matériel,1
Serveur HS,Infra,10
Souris cassée,Matériel,1
Serveur HS,Infra,10
Souris cassée,Matériel,1
Serveur HS,Infra,10
Souris cassée,Matériel,1
Serveur HS,Infra,10
Souris cassée,Matériel,1
Serveur HS,Infra,10
Souris cassée,Matériel,1
Serveur HS,Infra,10
Souris cassée,Matériel,1
Serveur HS,Infra,10
Souris cassée,Matériel,1
Serveur HS,Infra,10
Souris cassée,Matériel,1
Serveur HS,Infra,10
Souris cassée,Matériel,1
Serveur HS,Infra,10
Souris cassée,Matériel,1
Serveur HS,Infra,10
Souris cassée,Matériel,1
Serveur HS,Infra,10
Souris cassée,Matériel,1
Serveur HS,Infra,10
Souris cassée,Matériel,1
Serveur HS,Infra,10
Souris cassée,Matériel,1
Serveur HS,Infra,10
Souris cassée,Matériel,1
Serveur HS,Infra,10
Souris cassée,Matériel,1
Serveur HS,Infra,10
Souris cassée,Matériel,1
Serveur HS,Infra,10
Souris cassée,Matériel,1
Serveur HS,Infra,10
Souris cassée,Matériel,1
Serveur HS,Infra,10
Souris cassée,Matériel,1
Serveur HS,Infra,10
Souris cassée,Matériel,1
Serveur HS,Infra,10
Souris cassée,Matériel,1
Serveur HS,Infra,10
Souris cassée,Matériel,1
Serveur HS,Infra,10
Souris cassée,Matériel,1
Serveur HS,Infra,10
Souris cassée,Matériel,1
Serveur HS,Infra,10
Souris cassée,Matériel,1
Serveur HS,Infra,10
Souris cassée,Matériel,1
Serveur HS,Infra,10
Souris cassée,Matériel,1
Serveur HS,Infra,10
Souris cassée,Matériel,1
Serveur HS,Infra,10
Souris cassée,Matériel,1
Serveur HS,Infra,10
Souris cassée,Matériel,1
Serveur HS,Infra,10
Souris cassée,Matériel,1
Serveur HS,Infra,10
Souris cassée,Matériel,1
Serveur HS,Infra,10
Souris cassée,Matériel,1
Serveur HS,Infra,10
Souris cassée,Matériel,1
Serveur HS,Infra,10
Souris cassée,Matériel,1
Serveur HS,Infra,10
Souris cassée,Matériel,1
Serveur HS,Infra,10
Souris cassée,Matériel,1
Serveur HS,Infra,10
Souris cassée,Matériel,1
Serveur HS,Infra,10
Souris cassée,Matériel,1
Serveur HS,Infra,10
Souris cassée,Matériel,1
Serveur HS,Infra,10
Souris cassée,Matériel,1
Serveur HS,Infra,10
Souris cassée,Matériel,1
Serveur HS,Infra,10
Souris cassée,Matériel,1
Serveur HS,Infra,10
Souris cassée,Matériel,1
Serveur HS,Infra,10
Souris cassée,Matériel,1
Serveur HS,Infra,10
Souris cassée,Matériel,1
