Numéro_du_Ticket,ID_Client,Texte_du_ticket,Catégorie,Urgence_Déclarée,Importance_Client,SLA_Priorité,Equipe_Cible
TICK-1001,CLI-130,J'ai oublié mon mot de passe de session.,Accès,2,1,2,Security-Ops
TICK-1002,CLI-131,Mon badge d'entrée ne fonctionne plus.,RH,4,5,4,Support-Admin
TICK-1003,CLI-101,Demande d'information sur la mutuelle d'entreprise.,RH,1,3,3,Support-Admin
TICK-1004,CLI-125,Mise à jour logicielle nécessaire pour le service compta.,Logiciel,2,1,3,Dev-Core
TICK-1005,CLI-138,Compte bloqué après 3 tentatives infructueuses.,Accès,2,1,3,Security-Ops
TICK-1006,CLI-150,Déclaration de télétravail non validée par le système.,RH,5,2,2,Support-Admin
TICK-1007,CLI-102,J'ai oublié mon mot de passe de session.,Accès,5,1,2,Security-Ops
TICK-1008,CLI-103,"Lenteur extrême sur le réseau local, impossible de travailler.",Réseau,3,5,6,Infra-Net
TICK-1009,CLI-125,J'ai oublié mon mot de passe de session.,Accès,1,2,2,Security-Ops
TICK-1010,CLI-141,J'ai oublié mon mot de passe de session.,Accès,4,1,2,Security-Ops
TICK-1011,CLI-148,"Lenteur extrême sur le réseau local, impossible de travailler.",Réseau,2,4,6,Infra-Net
TICK-1012,CLI-133,Erreur de base de données lors de la sauvegarde.,Logiciel,3,4,3,Dev-Core
TICK-1013,CLI-103,Comment poser mes congés sur le nouveau portail ?,RH,1,2,2,Support-Admin
TICK-1014,CLI-106,Le switch principal semble avoir grillé.,Réseau,1,5,5,Infra-Net
TICK-1015,CLI-119,L'imprimante du service marketing fait un bruit anormal.,Matériel,4,2,2,IT-Hardware
TICK-1016,CLI-108,Coupure totale d'internet dans tout le bâtiment.,Réseau,2,2,8,Infra-Net
TICK-1017,CLI-106,"Accès VPN impossible depuis ce matin, erreur 404.",Réseau,3,2,4,Infra-Net
TICK-1018,CLI-103,Compte bloqué après 3 tentatives infructueuses.,Accès,2,4,6,Security-Ops
TICK-1019,CLI-114,Le wifi ne fonctionne plus au 3ème étage.,Réseau,1,1,3,Infra-Net
TICK-1020,CLI-149,Mon écran reste noir malgré le branchement.,Matériel,3,3,4,IT-Hardware
TICK-1021,CLI-150,Besoin d'un nouveau chargeur pour mon laptop Dell.,Matériel,3,1,2,IT-Hardware
TICK-1022,CLI-108,Comment poser mes congés sur le nouveau portail ?,RH,1,5,4,Support-Admin
TICK-1023,CLI-112,Besoin d'un nouveau chargeur pour mon laptop Dell.,Matériel,3,2,3,IT-Hardware
TICK-1024,CLI-118,Impossible d'exporter le rapport mensuel en PDF.,Logiciel,3,1,4,Dev-Core
TICK-1025,CLI-143,L'imprimante du service marketing fait un bruit anormal.,Matériel,2,4,4,IT-Hardware
TICK-1026,CLI-144,Compte bloqué après 3 tentatives infructueuses.,Accès,4,3,5,Security-Ops
TICK-1027,CLI-138,Alerte de sécurité : tentative de connexion suspecte.,Accès,2,1,9,Security-Ops
TICK-1028,CLI-104,Comment poser mes congés sur le nouveau portail ?,RH,1,3,4,Support-Admin
TICK-1029,CLI-105,Erreur de base de données lors de la sauvegarde.,Logiciel,4,1,3,Dev-Core
TICK-1030,CLI-140,Mon écran reste noir malgré le branchement.,Matériel,4,1,3,IT-Hardware
TICK-1031,CLI-143,Compte bloqué après 3 tentatives infructueuses.,Accès,5,5,6,Security-Ops
TICK-1032,CLI-132,Alerte de sécurité : tentative de connexion suspecte.,Accès,2,4,9,Security-Ops
TICK-1033,CLI-111,Besoin d'un nouveau chargeur pour mon laptop Dell.,Matériel,5,2,3,IT-Hardware
TICK-1034,CLI-127,"Accès VPN impossible depuis ce matin, erreur 404.",Réseau,4,1,3,Infra-Net
TICK-1035,CLI-135,Bug d'affichage sur le dashboard des ventes.,Logiciel,5,3,4,Dev-Core
TICK-1036,CLI-108,Demande d'accès au dossier partagé 'Finance'.,Accès,5,5,4,Security-Ops
TICK-1037,CLI-137,Compte bloqué après 3 tentatives infructueuses.,Accès,4,5,6,Security-Ops
TICK-1038,CLI-135,Coupure totale d'internet dans tout le bâtiment.,Réseau,1,1,8,Infra-Net
TICK-1039,CLI-122,Mon badge d'entrée ne fonctionne plus.,RH,2,1,2,Support-Admin
TICK-1040,CLI-104,Problème de lecture sur ma fiche de paie de janvier.,RH,4,4,4,Support-Admin
TICK-1041,CLI-101,L'application métier plante au démarrage.,Logiciel,5,1,3,Dev-Core
TICK-1042,CLI-110,Alerte de sécurité : tentative de connexion suspecte.,Accès,4,5,10,Security-Ops
TICK-1043,CLI-130,Alerte de sécurité : tentative de connexion suspecte.,Accès,5,4,9,Security-Ops
TICK-1044,CLI-143,Mise à jour logicielle nécessaire pour le service compta.,Logiciel,3,5,5,Dev-Core
TICK-1045,CLI-104,Mise à jour logicielle nécessaire pour le service compta.,Logiciel,2,2,2,Dev-Core
TICK-1046,CLI-140,"Lenteur extrême sur le réseau local, impossible de travailler.",Réseau,1,3,4,Infra-Net
TICK-1047,CLI-104,Mon badge d'entrée ne fonctionne plus.,RH,3,5,5,Support-Admin
TICK-1048,CLI-128,Problème de lecture sur ma fiche de paie de janvier.,RH,1,2,2,Support-Admin
TICK-1049,CLI-103,Besoin d'un nouveau chargeur pour mon laptop Dell.,Matériel,3,3,3,IT-Hardware
TICK-1050,CLI-145,Clavier défectueux : certaines touches ne répondent pas.,Matériel,3,5,5,IT-Hardware
TICK-1051,CLI-132,Alerte de sécurité : tentative de connexion suspecte.,Accès,5,2,9,Security-Ops
TICK-1052,CLI-121,Le switch principal semble avoir grillé.,Réseau,1,4,6,Infra-Net
TICK-1053,CLI-142,Clavier défectueux : certaines touches ne répondent pas.,Matériel,1,2,2,IT-Hardware
TICK-1054,CLI-131,Déclaration de télétravail non validée par le système.,RH,2,2,3,Support-Admin
TICK-1055,CLI-120,Le wifi ne fonctionne plus au 3ème étage.,Réseau,4,2,2,Infra-Net
TICK-1056,CLI-150,Erreur de base de données lors de la sauvegarde.,Logiciel,4,2,2,Dev-Core
TICK-1057,CLI-137,Comment poser mes congés sur le nouveau portail ?,RH,2,3,3,Support-Admin
TICK-1058,CLI-147,"La souris ne répond plus, même après changement de piles.",Matériel,2,1,2,IT-Hardware
TICK-1059,CLI-130,J'ai oublié mon mot de passe de session.,Accès,4,1,3,Security-Ops
TICK-1060,CLI-131,Mon badge d'entrée ne fonctionne plus.,RH,2,1,3,Support-Admin
TICK-1061,CLI-150,Bug d'affichage sur le dashboard des ventes.,Logiciel,5,3,3,Dev-Core
TICK-1062,CLI-126,Erreur de base de données lors de la sauvegarde.,Logiciel,5,2,3,Dev-Core
TICK-1063,CLI-137,Mon badge d'entrée ne fonctionne plus.,RH,2,3,3,Support-Admin
TICK-1064,CLI-139,Erreur de base de données lors de la sauvegarde.,Logiciel,3,4,3,Dev-Core
TICK-1065,CLI-126,Mon badge d'entrée ne fonctionne plus.,RH,1,4,4,Support-Admin
TICK-1066,CLI-122,Comment poser mes congés sur le nouveau portail ?,RH,5,3,3,Support-Admin
TICK-1067,CLI-118,Coupure totale d'internet dans tout le bâtiment.,Réseau,1,4,9,Infra-Net
TICK-1068,CLI-126,Le wifi ne fonctionne plus au 3ème étage.,Réseau,5,3,4,Infra-Net
TICK-1069,CLI-117,Le switch principal semble avoir grillé.,Réseau,3,2,5,Infra-Net
TICK-1070,CLI-120,"Lenteur extrême sur le réseau local, impossible de travailler.",Réseau,4,3,5,Infra-Net
TICK-1071,CLI-135,Problème de lecture sur ma fiche de paie de janvier.,RH,5,5,5,Support-Admin
TICK-1072,CLI-103,Mon écran reste noir malgré le branchement.,Matériel,3,3,4,IT-Hardware
TICK-1073,CLI-138,Le wifi ne fonctionne plus au 3ème étage.,Réseau,5,5,4,Infra-Net
TICK-1074,CLI-136,Comment poser mes congés sur le nouveau portail ?,RH,3,5,5,Support-Admin
TICK-1075,CLI-121,Clavier défectueux : certaines touches ne répondent pas.,Matériel,2,5,5,IT-Hardware
TICK-1076,CLI-125,Mon écran reste noir malgré le branchement.,Matériel,3,2,3,IT-Hardware
TICK-1077,CLI-116,Nouvel arrivant : création de compte et accès mail.,Accès,4,1,2,Security-Ops
TICK-1078,CLI-125,Comment poser mes congés sur le nouveau portail ?,RH,2,5,4,Support-Admin
TICK-1079,CLI-133,Demande d'information sur la mutuelle d'entreprise.,RH,1,5,5,Support-Admin
TICK-1080,CLI-127,Demande d'information sur la mutuelle d'entreprise.,RH,3,2,3,Support-Admin
TICK-1081,CLI-101,Demande d'accès au dossier partagé 'Finance'.,Accès,2,1,3,Security-Ops
TICK-1082,CLI-126,Compte bloqué après 3 tentatives infructueuses.,Accès,4,3,5,Security-Ops
TICK-1083,CLI-139,Coupure totale d'internet dans tout le bâtiment.,Réseau,1,3,10,Infra-Net
TICK-1084,CLI-129,Nouvel arrivant : création de compte et accès mail.,Accès,3,3,3,Security-Ops
TICK-1085,CLI-144,Comment poser mes congés sur le nouveau portail ?,RH,1,2,3,Support-Admin
TICK-1086,CLI-146,Problème de lecture sur ma fiche de paie de janvier.,RH,2,5,5,Support-Admin
TICK-1087,CLI-139,Mon badge d'entrée ne fonctionne plus.,RH,2,5,4,Support-Admin
TICK-1088,CLI-111,Problème de lecture sur ma fiche de paie de janvier.,RH,5,5,5,Support-Admin
TICK-1089,CLI-114,Bug d'affichage sur le dashboard des ventes.,Logiciel,5,4,4,Dev-Core
TICK-1090,CLI-120,Compte bloqué après 3 tentatives infructueuses.,Accès,3,2,4,Security-Ops
TICK-1091,CLI-126,Demande d'information sur la mutuelle d'entreprise.,RH,3,2,3,Support-Admin
TICK-1092,CLI-120,Besoin d'un nouveau chargeur pour mon laptop Dell.,Matériel,2,4,3,IT-Hardware
TICK-1093,CLI-106,Coupure totale d'internet dans tout le bâtiment.,Réseau,5,2,8,Infra-Net
TICK-1094,CLI-144,Mon badge d'entrée ne fonctionne plus.,RH,4,2,2,Support-Admin
TICK-1095,CLI-131,Nouvel arrivant : création de compte et accès mail.,Accès,5,1,3,Security-Ops
TICK-1096,CLI-124,Le wifi ne fonctionne plus au 3ème étage.,Réseau,4,4,3,Infra-Net
TICK-1097,CLI-117,"Accès VPN impossible depuis ce matin, erreur 404.",Réseau,2,2,4,Infra-Net
TICK-1098,CLI-140,Demande d'accès au dossier partagé 'Finance'.,Accès,1,5,4,Security-Ops
TICK-1099,CLI-100,Clavier défectueux : certaines touches ne répondent pas.,Matériel,3,2,2,IT-Hardware
TICK-1100,CLI-119,Demande d'accès au dossier partagé 'Finance'.,Accès,3,2,3,Security-Ops
TICK-1101,CLI-125,Bug d'affichage sur le dashboard des ventes.,Logiciel,5,5,4,Dev-Core
TICK-1102,CLI-136,Clavier défectueux : certaines touches ne répondent pas.,Matériel,3,4,4,IT-Hardware
TICK-1103,CLI-142,Mon badge d'entrée ne fonctionne plus.,RH,2,1,3,Support-Admin
TICK-1104,CLI-136,Le switch principal semble avoir grillé.,Réseau,2,3,4,Infra-Net
TICK-1105,CLI-126,Mon écran reste noir malgré le branchement.,Matériel,1,3,4,IT-Hardware
TICK-1106,CLI-131,Mon badge d'entrée ne fonctionne plus.,RH,2,3,4,Support-Admin
TICK-1107,CLI-105,Problème de lecture sur ma fiche de paie de janvier.,RH,3,5,4,Support-Admin
TICK-1108,CLI-108,Le wifi ne fonctionne plus au 3ème étage.,Réseau,4,2,3,Infra-Net
TICK-1109,CLI-143,Demande d'accès au dossier partagé 'Finance'.,Accès,1,1,3,Security-Ops
TICK-1110,CLI-111,Compte bloqué après 3 tentatives infructueuses.,Accès,2,1,4,Security-Ops
TICK-1111,CLI-116,Demande d'accès au dossier partagé 'Finance'.,Accès,4,5,5,Security-Ops
TICK-1112,CLI-115,"La souris ne répond plus, même après changement de piles.",Matériel,4,1,3,IT-Hardware
TICK-1113,CLI-112,Mon badge d'entrée ne fonctionne plus.,RH,1,2,2,Support-Admin
TICK-1114,CLI-136,Comment poser mes congés sur le nouveau portail ?,RH,5,2,2,Support-Admin
TICK-1115,CLI-134,Nouvel arrivant : création de compte et accès mail.,Accès,2,4,4,Security-Ops
TICK-1116,CLI-147,"Accès VPN impossible depuis ce matin, erreur 404.",Réseau,5,1,4,Infra-Net
TICK-1117,CLI-129,Nouvel arrivant : création de compte et accès mail.,Accès,2,4,4,Security-Ops
TICK-1118,CLI-115,Demande d'information sur la mutuelle d'entreprise.,RH,1,1,3,Support-Admin
TICK-1119,CLI-129,Impossible d'exporter le rapport mensuel en PDF.,Logiciel,5,3,5,Dev-Core
TICK-1120,CLI-113,"La souris ne répond plus, même après changement de piles.",Matériel,4,5,5,IT-Hardware
TICK-1121,CLI-134,Besoin d'un nouveau chargeur pour mon laptop Dell.,Matériel,2,2,3,IT-Hardware
TICK-1122,CLI-113,Alerte de sécurité : tentative de connexion suspecte.,Accès,4,1,8,Security-Ops
TICK-1123,CLI-118,Mon badge d'entrée ne fonctionne plus.,RH,5,1,3,Support-Admin
TICK-1124,CLI-131,Impossible d'exporter le rapport mensuel en PDF.,Logiciel,2,4,6,Dev-Core
TICK-1125,CLI-133,Compte bloqué après 3 tentatives infructueuses.,Accès,1,3,4,Security-Ops
TICK-1126,CLI-107,Coupure totale d'internet dans tout le bâtiment.,Réseau,3,2,8,Infra-Net
TICK-1127,CLI-123,Bug d'affichage sur le dashboard des ventes.,Logiciel,4,1,2,Dev-Core
TICK-1128,CLI-108,Coupure totale d'internet dans tout le bâtiment.,Réseau,3,5,10,Infra-Net
TICK-1129,CLI-132,Demande d'accès au dossier partagé 'Finance'.,Accès,3,3,4,Security-Ops
TICK-1130,CLI-112,"Accès VPN impossible depuis ce matin, erreur 404.",Réseau,1,2,5,Infra-Net
TICK-1131,CLI-129,Compte bloqué après 3 tentatives infructueuses.,Accès,4,1,3,Security-Ops
TICK-1132,CLI-146,Bug d'affichage sur le dashboard des ventes.,Logiciel,2,5,5,Dev-Core
TICK-1133,CLI-150,Nouvel arrivant : création de compte et accès mail.,Accès,3,2,3,Security-Ops
TICK-1134,CLI-120,Erreur de base de données lors de la sauvegarde.,Logiciel,5,1,2,Dev-Core
TICK-1135,CLI-142,Comment poser mes congés sur le nouveau portail ?,RH,5,3,4,Support-Admin
TICK-1136,CLI-106,L'application métier plante au démarrage.,Logiciel,4,3,3,Dev-Core
TICK-1137,CLI-122,Mon badge d'entrée ne fonctionne plus.,RH,4,4,3,Support-Admin
TICK-1138,CLI-124,Problème de lecture sur ma fiche de paie de janvier.,RH,3,5,5,Support-Admin
TICK-1139,CLI-128,"La souris ne répond plus, même après changement de piles.",Matériel,4,2,3,IT-Hardware
TICK-1140,CLI-128,"La souris ne répond plus, même après changement de piles.",Matériel,4,1,3,IT-Hardware
TICK-1141,CLI-142,Demande d'information sur la mutuelle d'entreprise.,RH,3,2,2,Support-Admin
TICK-1142,CLI-105,Mon badge d'entrée ne fonctionne plus.,RH,2,1,2,Support-Admin
TICK-1143,CLI-101,Le switch principal semble avoir grillé.,Réseau,2,3,4,Infra-Net
TICK-1144,CLI-137,Déclaration de télétravail non validée par le système.,RH,4,2,3,Support-Admin
TICK-1145,CLI-108,Demande d'accès au dossier partagé 'Finance'.,Accès,1,4,3,Security-Ops
TICK-1146,CLI-142,Comment poser mes congés sur le nouveau portail ?,RH,2,3,4,Support-Admin
TICK-1147,CLI-123,Besoin d'un nouveau chargeur pour mon laptop Dell.,Matériel,2,4,4,IT-Hardware
TICK-1148,CLI-117,Impossible d'exporter le rapport mensuel en PDF.,Logiciel,4,1,4,Dev-Core
TICK-1149,CLI-121,Mon écran reste noir malgré le branchement.,Matériel,2,5,5,IT-Hardware
TICK-1150,CLI-127,L'imprimante du service marketing fait un bruit anormal.,Matériel,1,2,3,IT-Hardware
TICK-1151,CLI-146,Clavier défectueux : certaines touches ne répondent pas.,Matériel,2,2,3,IT-Hardware
TICK-1152,CLI-133,Clavier défectueux : certaines touches ne répondent pas.,Matériel,3,1,3,IT-Hardware
TICK-1153,CLI-132,Comment poser mes congés sur le nouveau portail ?,RH,4,1,2,Support-Admin
TICK-1154,CLI-147,"La souris ne répond plus, même après changement de piles.",Matériel,3,5,4,IT-Hardware
TICK-1155,CLI-101,Clavier défectueux : certaines touches ne répondent pas.,Matériel,3,1,2,IT-Hardware
TICK-1156,CLI-131,Erreur de base de données lors de la sauvegarde.,Logiciel,4,1,3,Dev-Core
TICK-1157,CLI-107,Coupure totale d'internet dans tout le bâtiment.,Réseau,1,2,9,Infra-Net
TICK-1158,CLI-116,Clavier défectueux : certaines touches ne répondent pas.,Matériel,4,2,2,IT-Hardware
TICK-1159,CLI-107,Besoin d'un nouveau chargeur pour mon laptop Dell.,Matériel,4,1,3,IT-Hardware
TICK-1160,CLI-103,Compte bloqué après 3 tentatives infructueuses.,Accès,1,4,6,Security-Ops
TICK-1161,CLI-113,L'imprimante du service marketing fait un bruit anormal.,Matériel,4,1,2,IT-Hardware
TICK-1162,CLI-134,Impossible d'exporter le rapport mensuel en PDF.,Logiciel,3,1,3,Dev-Core
TICK-1163,CLI-100,Le switch principal semble avoir grillé.,Réseau,1,2,4,Infra-Net
TICK-1164,CLI-105,Erreur de base de données lors de la sauvegarde.,Logiciel,3,1,2,Dev-Core
TICK-1165,CLI-150,L'application métier plante au démarrage.,Logiciel,3,1,3,Dev-Core
TICK-1166,CLI-109,Déclaration de télétravail non validée par le système.,RH,2,4,4,Support-Admin
TICK-1167,CLI-115,Nouvel arrivant : création de compte et accès mail.,Accès,4,4,3,Security-Ops
TICK-1168,CLI-110,Mise à jour logicielle nécessaire pour le service compta.,Logiciel,4,4,3,Dev-Core
TICK-1169,CLI-114,Alerte de sécurité : tentative de connexion suspecte.,Accès,3,4,9,Security-Ops
TICK-1170,CLI-108,Le switch principal semble avoir grillé.,Réseau,5,1,3,Infra-Net
TICK-1171,CLI-103,Alerte de sécurité : tentative de connexion suspecte.,Accès,3,5,10,Security-Ops
TICK-1172,CLI-109,Impossible d'exporter le rapport mensuel en PDF.,Logiciel,5,1,4,Dev-Core
TICK-1173,CLI-102,Clavier défectueux : certaines touches ne répondent pas.,Matériel,1,3,3,IT-Hardware
TICK-1174,CLI-150,Clavier défectueux : certaines touches ne répondent pas.,Matériel,4,2,3,IT-Hardware
TICK-1175,CLI-115,"Accès VPN impossible depuis ce matin, erreur 404.",Réseau,5,1,3,Infra-Net
TICK-1176,CLI-103,Demande d'accès au dossier partagé 'Finance'.,Accès,2,2,2,Security-Ops
TICK-1177,CLI-143,Bug d'affichage sur le dashboard des ventes.,Logiciel,5,3,3,Dev-Core
TICK-1178,CLI-100,Le switch principal semble avoir grillé.,Réseau,2,1,4,Infra-Net
TICK-1179,CLI-134,Demande d'accès au dossier partagé 'Finance'.,Accès,4,5,4,Security-Ops
TICK-1180,CLI-103,Problème de lecture sur ma fiche de paie de janvier.,RH,3,1,2,Support-Admin
TICK-1181,CLI-146,Alerte de sécurité : tentative de connexion suspecte.,Accès,5,2,8,Security-Ops
TICK-1182,CLI-112,Mon écran reste noir malgré le branchement.,Matériel,2,1,2,IT-Hardware
TICK-1183,CLI-126,L'application métier plante au démarrage.,Logiciel,1,4,4,Dev-Core
TICK-1184,CLI-124,Le switch principal semble avoir grillé.,Réseau,4,4,6,Infra-Net
TICK-1185,CLI-100,"La souris ne répond plus, même après changement de piles.",Matériel,3,5,5,IT-Hardware
TICK-1186,CLI-122,Mon badge d'entrée ne fonctionne plus.,RH,2,1,3,Support-Admin
TICK-1187,CLI-114,Alerte de sécurité : tentative de connexion suspecte.,Accès,1,2,8,Security-Ops
TICK-1188,CLI-118,Mise à jour logicielle nécessaire pour le service compta.,Logiciel,3,2,2,Dev-Core
TICK-1189,CLI-148,Déclaration de télétravail non validée par le système.,RH,2,4,4,Support-Admin
TICK-1190,CLI-105,Clavier défectueux : certaines touches ne répondent pas.,Matériel,2,4,3,IT-Hardware
TICK-1191,CLI-132,L'application métier plante au démarrage.,Logiciel,1,1,3,Dev-Core
TICK-1192,CLI-147,Besoin d'un nouveau chargeur pour mon laptop Dell.,Matériel,4,3,4,IT-Hardware
TICK-1193,CLI-140,L'imprimante du service marketing fait un bruit anormal.,Matériel,2,5,4,IT-Hardware
TICK-1194,CLI-115,Comment poser mes congés sur le nouveau portail ?,RH,3,3,4,Support-Admin
TICK-1195,CLI-130,Impossible d'exporter le rapport mensuel en PDF.,Logiciel,5,2,4,Dev-Core
TICK-1196,CLI-123,"La souris ne répond plus, même après changement de piles.",Matériel,3,3,4,IT-Hardware
TICK-1197,CLI-136,Impossible d'exporter le rapport mensuel en PDF.,Logiciel,1,3,5,Dev-Core
TICK-1198,CLI-138,Le wifi ne fonctionne plus au 3ème étage.,Réseau,4,1,2,Infra-Net
TICK-1199,CLI-105,Bug d'affichage sur le dashboard des ventes.,Logiciel,3,3,3,Dev-Core
TICK-1200,CLI-138,Mise à jour logicielle nécessaire pour le service compta.,Logiciel,1,1,2,Dev-Core
TICK-1201,CLI-119,L'application métier plante au démarrage.,Logiciel,4,5,4,Dev-Core
TICK-1202,CLI-142,L'imprimante du service marketing fait un bruit anormal.,Matériel,5,1,2,IT-Hardware
TICK-1203,CLI-114,J'ai oublié mon mot de passe de session.,Accès,1,1,2,Security-Ops
TICK-1204,CLI-139,Demande d'accès au dossier partagé 'Finance'.,Accès,3,2,2,Security-Ops
TICK-1205,CLI-141,J'ai oublié mon mot de passe de session.,Accès,1,3,3,Security-Ops
TICK-1206,CLI-129,Problème de lecture sur ma fiche de paie de janvier.,RH,3,1,2,Support-Admin
TICK-1207,CLI-117,Impossible d'exporter le rapport mensuel en PDF.,Logiciel,4,1,3,Dev-Core
TICK-1208,CLI-133,"Lenteur extrême sur le réseau local, impossible de travailler.",Réseau,5,5,6,Infra-Net
TICK-1209,CLI-117,Nouvel arrivant : création de compte et accès mail.,Accès,1,3,3,Security-Ops
TICK-1210,CLI-109,Demande d'accès au dossier partagé 'Finance'.,Accès,3,1,2,Security-Ops
TICK-1211,CLI-112,J'ai oublié mon mot de passe de session.,Accès,1,5,5,Security-Ops
TICK-1212,CLI-112,Erreur de base de données lors de la sauvegarde.,Logiciel,2,1,2,Dev-Core
TICK-1213,CLI-146,Erreur de base de données lors de la sauvegarde.,Logiciel,4,2,3,Dev-Core
TICK-1214,CLI-129,Mise à jour logicielle nécessaire pour le service compta.,Logiciel,2,5,4,Dev-Core
TICK-1215,CLI-119,Erreur de base de données lors de la sauvegarde.,Logiciel,4,4,3,Dev-Core
TICK-1216,CLI-112,"Lenteur extrême sur le réseau local, impossible de travailler.",Réseau,3,4,6,Infra-Net
TICK-1217,CLI-140,Nouvel arrivant : création de compte et accès mail.,Accès,3,3,3,Security-Ops
TICK-1218,CLI-125,Déclaration de télétravail non validée par le système.,RH,2,2,2,Support-Admin
TICK-1219,CLI-114,Le switch principal semble avoir grillé.,Réseau,5,5,6,Infra-Net
TICK-1220,CLI-136,Bug d'affichage sur le dashboard des ventes.,Logiciel,5,4,3,Dev-Core
TICK-1221,CLI-135,Mise à jour logicielle nécessaire pour le service compta.,Logiciel,3,4,4,Dev-Core
TICK-1222,CLI-103,Clavier défectueux : certaines touches ne répondent pas.,Matériel,3,4,4,IT-Hardware
TICK-1223,CLI-134,"Accès VPN impossible depuis ce matin, erreur 404.",Réseau,2,2,4,Infra-Net
TICK-1224,CLI-149,Le wifi ne fonctionne plus au 3ème étage.,Réseau,3,3,3,Infra-Net
TICK-1225,CLI-125,Mise à jour logicielle nécessaire pour le service compta.,Logiciel,1,1,2,Dev-Core
TICK-1226,CLI-108,Mon badge d'entrée ne fonctionne plus.,RH,5,4,3,Support-Admin
TICK-1227,CLI-100,Impossible d'exporter le rapport mensuel en PDF.,Logiciel,2,5,6,Dev-Core
TICK-1228,CLI-121,L'imprimante du service marketing fait un bruit anormal.,Matériel,2,2,3,IT-Hardware
TICK-1229,CLI-133,Coupure totale d'internet dans tout le bâtiment.,Réseau,2,3,10,Infra-Net
TICK-1230,CLI-113,Bug d'affichage sur le dashboard des ventes.,Logiciel,5,1,3,Dev-Core
TICK-1231,CLI-112,Mon écran reste noir malgré le branchement.,Matériel,3,4,3,IT-Hardware
TICK-1232,CLI-141,"Accès VPN impossible depuis ce matin, erreur 404.",Réseau,1,3,4,Infra-Net
TICK-1233,CLI-119,Le wifi ne fonctionne plus au 3ème étage.,Réseau,5,3,4,Infra-Net
TICK-1234,CLI-101,Le wifi ne fonctionne plus au 3ème étage.,Réseau,4,2,2,Infra-Net
TICK-1235,CLI-146,"Lenteur extrême sur le réseau local, impossible de travailler.",Réseau,1,4,5,Infra-Net
TICK-1236,CLI-141,Coupure totale d'internet dans tout le bâtiment.,Réseau,4,4,10,Infra-Net
TICK-1237,CLI-137,Erreur de base de données lors de la sauvegarde.,Logiciel,2,5,4,Dev-Core
TICK-1238,CLI-115,L'imprimante du service marketing fait un bruit anormal.,Matériel,1,3,3,IT-Hardware
TICK-1239,CLI-145,Comment poser mes congés sur le nouveau portail ?,RH,3,5,4,Support-Admin
TICK-1240,CLI-139,Mon badge d'entrée ne fonctionne plus.,RH,2,1,2,Support-Admin
TICK-1241,CLI-109,Mon badge d'entrée ne fonctionne plus.,RH,4,3,3,Support-Admin
TICK-1242,CLI-107,Mon écran reste noir malgré le branchement.,Matériel,5,5,4,IT-Hardware
TICK-1243,CLI-118,L'application métier plante au démarrage.,Logiciel,4,1,3,Dev-Core
TICK-1244,CLI-137,Problème de lecture sur ma fiche de paie de janvier.,RH,3,3,4,Support-Admin
TICK-1245,CLI-111,"La souris ne répond plus, même après changement de piles.",Matériel,5,3,3,IT-Hardware
TICK-1246,CLI-131,Mon écran reste noir malgré le branchement.,Matériel,4,2,2,IT-Hardware
TICK-1247,CLI-125,Clavier défectueux : certaines touches ne répondent pas.,Matériel,2,1,3,IT-Hardware
TICK-1248,CLI-148,Demande d'accès au dossier partagé 'Finance'.,Accès,5,4,3,Security-Ops
TICK-1249,CLI-101,Demande d'information sur la mutuelle d'entreprise.,RH,2,3,4,Support-Admin
TICK-1250,CLI-110,Demande d'information sur la mutuelle d'entreprise.,RH,3,4,4,Support-Admin
TICK-1251,CLI-149,Déclaration de télétravail non validée par le système.,RH,5,3,4,Support-Admin
TICK-1252,CLI-104,Mon écran reste noir malgré le branchement.,Matériel,3,2,2,IT-Hardware
TICK-1253,CLI-112,Mise à jour logicielle nécessaire pour le service compta.,Logiciel,3,1,2,Dev-Core
TICK-1254,CLI-113,L'imprimante du service marketing fait un bruit anormal.,Matériel,4,5,4,IT-Hardware
TICK-1255,CLI-138,Mon écran reste noir malgré le branchement.,Matériel,5,3,4,IT-Hardware
TICK-1256,CLI-108,"Lenteur extrême sur le réseau local, impossible de travailler.",Réseau,2,2,5,Infra-Net
TICK-1257,CLI-121,Erreur de base de données lors de la sauvegarde.,Logiciel,1,1,3,Dev-Core
TICK-1258,CLI-150,Demande d'information sur la mutuelle d'entreprise.,RH,5,1,2,Support-Admin
TICK-1259,CLI-105,L'imprimante du service marketing fait un bruit anormal.,Matériel,2,3,4,IT-Hardware
TICK-1260,CLI-115,Problème de lecture sur ma fiche de paie de janvier.,RH,1,2,2,Support-Admin
TICK-1261,CLI-116,Impossible d'exporter le rapport mensuel en PDF.,Logiciel,1,3,5,Dev-Core
TICK-1262,CLI-138,Le wifi ne fonctionne plus au 3ème étage.,Réseau,3,4,3,Infra-Net
TICK-1263,CLI-138,L'imprimante du service marketing fait un bruit anormal.,Matériel,4,5,4,IT-Hardware
TICK-1264,CLI-109,Le wifi ne fonctionne plus au 3ème étage.,Réseau,4,4,4,Infra-Net
TICK-1265,CLI-117,Bug d'affichage sur le dashboard des ventes.,Logiciel,1,3,4,Dev-Core
TICK-1266,CLI-126,Impossible d'exporter le rapport mensuel en PDF.,Logiciel,2,1,3,Dev-Core
TICK-1267,CLI-121,Compte bloqué après 3 tentatives infructueuses.,Accès,2,4,5,Security-Ops
TICK-1268,CLI-141,Le wifi ne fonctionne plus au 3ème étage.,Réseau,2,4,3,Infra-Net
TICK-1269,CLI-146,Besoin d'un nouveau chargeur pour mon laptop Dell.,Matériel,4,5,4,IT-Hardware
TICK-1270,CLI-130,Nouvel arrivant : création de compte et accès mail.,Accès,1,1,3,Security-Ops
TICK-1271,CLI-123,Erreur de base de données lors de la sauvegarde.,Logiciel,4,2,2,Dev-Core
TICK-1272,CLI-116,Mon badge d'entrée ne fonctionne plus.,RH,1,1,2,Support-Admin
TICK-1273,CLI-122,Clavier défectueux : certaines touches ne répondent pas.,Matériel,1,2,2,IT-Hardware
TICK-1274,CLI-150,Problème de lecture sur ma fiche de paie de janvier.,RH,4,3,4,Support-Admin
TICK-1275,CLI-134,Demande d'accès au dossier partagé 'Finance'.,Accès,3,2,2,Security-Ops
TICK-1276,CLI-116,J'ai oublié mon mot de passe de session.,Accès,5,4,3,Security-Ops
TICK-1277,CLI-110,"La souris ne répond plus, même après changement de piles.",Matériel,2,3,3,IT-Hardware
TICK-1278,CLI-102,Impossible d'exporter le rapport mensuel en PDF.,Logiciel,2,5,6,Dev-Core
TICK-1279,CLI-108,Nouvel arrivant : création de compte et accès mail.,Accès,2,2,3,Security-Ops
TICK-1280,CLI-120,Alerte de sécurité : tentative de connexion suspecte.,Accès,3,1,8,Security-Ops
TICK-1281,CLI-124,Impossible d'exporter le rapport mensuel en PDF.,Logiciel,1,2,5,Dev-Core
TICK-1282,CLI-136,Demande d'accès au dossier partagé 'Finance'.,Accès,3,1,3,Security-Ops
TICK-1283,CLI-133,Nouvel arrivant : création de compte et accès mail.,Accès,4,2,2,Security-Ops
TICK-1284,CLI-108,Mon badge d'entrée ne fonctionne plus.,RH,1,1,2,Support-Admin
TICK-1285,CLI-150,Déclaration de télétravail non validée par le système.,RH,4,3,4,Support-Admin
TICK-1286,CLI-148,Impossible d'exporter le rapport mensuel en PDF.,Logiciel,3,2,5,Dev-Core
TICK-1287,CLI-144,Demande d'information sur la mutuelle d'entreprise.,RH,4,2,3,Support-Admin
TICK-1288,CLI-149,"Lenteur extrême sur le réseau local, impossible de travailler.",Réseau,4,4,6,Infra-Net
TICK-1289,CLI-102,"Accès VPN impossible depuis ce matin, erreur 404.",Réseau,4,5,5,Infra-Net
TICK-1290,CLI-128,Besoin d'un nouveau chargeur pour mon laptop Dell.,Matériel,4,1,3,IT-Hardware
TICK-1291,CLI-142,Déclaration de télétravail non validée par le système.,RH,1,5,4,Support-Admin
TICK-1292,CLI-147,Mon badge d'entrée ne fonctionne plus.,RH,2,5,5,Support-Admin
TICK-1293,CLI-112,Compte bloqué après 3 tentatives infructueuses.,Accès,5,2,5,Security-Ops
TICK-1294,CLI-103,Demande d'information sur la mutuelle d'entreprise.,RH,2,5,4,Support-Admin
TICK-1295,CLI-138,Le switch principal semble avoir grillé.,Réseau,3,4,5,Infra-Net
TICK-1296,CLI-100,Nouvel arrivant : création de compte et accès mail.,Accès,3,1,3,Security-Ops
TICK-1297,CLI-129,Nouvel arrivant : création de compte et accès mail.,Accès,2,2,3,Security-Ops
TICK-1298,CLI-113,J'ai oublié mon mot de passe de session.,Accès,2,3,3,Security-Ops
TICK-1299,CLI-138,Déclaration de télétravail non validée par le système.,RH,3,3,4,Support-Admin
TICK-1300,CLI-123,Coupure totale d'internet dans tout le bâtiment.,Réseau,5,4,10,Infra-Net
TICK-1301,CLI-109,Problème de lecture sur ma fiche de paie de janvier.,RH,3,1,3,Support-Admin
TICK-1302,CLI-104,L'application métier plante au démarrage.,Logiciel,5,5,4,Dev-Core
TICK-1303,CLI-133,L'imprimante du service marketing fait un bruit anormal.,Matériel,3,1,3,IT-Hardware
TICK-1304,CLI-121,Erreur de base de données lors de la sauvegarde.,Logiciel,3,2,2,Dev-Core
TICK-1305,CLI-104,Mise à jour logicielle nécessaire pour le service compta.,Logiciel,5,2,3,Dev-Core
TICK-1306,CLI-134,L'application métier plante au démarrage.,Logiciel,3,4,4,Dev-Core
TICK-1307,CLI-113,Nouvel arrivant : création de compte et accès mail.,Accès,2,1,2,Security-Ops
TICK-1308,CLI-109,Bug d'affichage sur le dashboard des ventes.,Logiciel,1,5,4,Dev-Core
TICK-1309,CLI-112,"Lenteur extrême sur le réseau local, impossible de travailler.",Réseau,3,2,5,Infra-Net
TICK-1310,CLI-144,Mon badge d'entrée ne fonctionne plus.,RH,5,4,3,Support-Admin
TICK-1311,CLI-107,Mon badge d'entrée ne fonctionne plus.,RH,5,4,3,Support-Admin
TICK-1312,CLI-149,"Lenteur extrême sur le réseau local, impossible de travailler.",Réseau,2,1,3,Infra-Net
TICK-1313,CLI-104,Erreur de base de données lors de la sauvegarde.,Logiciel,2,4,3,Dev-Core
TICK-1314,CLI-145,Demande d'accès au dossier partagé 'Finance'.,Accès,4,1,2,Security-Ops
TICK-1315,CLI-126,Nouvel arrivant : création de compte et accès mail.,Accès,4,4,3,Security-Ops
TICK-1316,CLI-104,Erreur de base de données lors de la sauvegarde.,Logiciel,1,1,3,Dev-Core
TICK-1317,CLI-133,Clavier défectueux : certaines touches ne répondent pas.,Matériel,1,4,4,IT-Hardware
TICK-1318,CLI-145,Mise à jour logicielle nécessaire pour le service compta.,Logiciel,1,5,4,Dev-Core
TICK-1319,CLI-144,"Lenteur extrême sur le réseau local, impossible de travailler.",Réseau,1,4,5,Infra-Net
TICK-1320,CLI-116,L'imprimante du service marketing fait un bruit anormal.,Matériel,3,5,5,IT-Hardware
TICK-1321,CLI-105,Mise à jour logicielle nécessaire pour le service compta.,Logiciel,5,2,2,Dev-Core
TICK-1322,CLI-130,Demande d'information sur la mutuelle d'entreprise.,RH,1,3,4,Support-Admin
TICK-1323,CLI-121,Déclaration de télétravail non validée par le système.,RH,1,3,3,Support-Admin
TICK-1324,CLI-138,"Lenteur extrême sur le réseau local, impossible de travailler.",Réseau,5,1,4,Infra-Net
TICK-1325,CLI-137,Bug d'affichage sur le dashboard des ventes.,Logiciel,3,4,4,Dev-Core
TICK-1326,CLI-121,Mon badge d'entrée ne fonctionne plus.,RH,2,1,3,Support-Admin
TICK-1327,CLI-124,Le wifi ne fonctionne plus au 3ème étage.,Réseau,2,4,4,Infra-Net
TICK-1328,CLI-113,Demande d'information sur la mutuelle d'entreprise.,RH,1,3,4,Support-Admin
TICK-1329,CLI-103,Mon écran reste noir malgré le branchement.,Matériel,3,4,3,IT-Hardware
TICK-1330,CLI-135,"Accès VPN impossible depuis ce matin, erreur 404.",Réseau,2,5,6,Infra-Net
TICK-1331,CLI-128,Impossible d'exporter le rapport mensuel en PDF.,Logiciel,3,5,5,Dev-Core
TICK-1332,CLI-113,Nouvel arrivant : création de compte et accès mail.,Accès,4,5,4,Security-Ops
TICK-1333,CLI-117,Le switch principal semble avoir grillé.,Réseau,1,5,5,Infra-Net
TICK-1334,CLI-129,Alerte de sécurité : tentative de connexion suspecte.,Accès,1,3,9,Security-Ops
TICK-1335,CLI-106,Mon écran reste noir malgré le branchement.,Matériel,2,3,3,IT-Hardware
TICK-1336,CLI-140,"Accès VPN impossible depuis ce matin, erreur 404.",Réseau,3,1,4,Infra-Net
TICK-1337,CLI-115,Demande d'information sur la mutuelle d'entreprise.,RH,1,5,5,Support-Admin
TICK-1338,CLI-120,Le wifi ne fonctionne plus au 3ème étage.,Réseau,3,3,3,Infra-Net
TICK-1339,CLI-125,Mise à jour logicielle nécessaire pour le service compta.,Logiciel,5,4,3,Dev-Core
TICK-1340,CLI-145,J'ai oublié mon mot de passe de session.,Accès,2,3,3,Security-Ops
TICK-1341,CLI-105,Mon écran reste noir malgré le branchement.,Matériel,5,4,4,IT-Hardware
TICK-1342,CLI-122,Mise à jour logicielle nécessaire pour le service compta.,Logiciel,1,5,5,Dev-Core
TICK-1343,CLI-121,Le switch principal semble avoir grillé.,Réseau,1,1,4,Infra-Net
TICK-1344,CLI-136,J'ai oublié mon mot de passe de session.,Accès,4,4,4,Security-Ops
TICK-1345,CLI-124,Impossible d'exporter le rapport mensuel en PDF.,Logiciel,5,1,3,Dev-Core
TICK-1346,CLI-130,Compte bloqué après 3 tentatives infructueuses.,Accès,4,1,4,Security-Ops
TICK-1347,CLI-144,Besoin d'un nouveau chargeur pour mon laptop Dell.,Matériel,2,3,4,IT-Hardware
TICK-1348,CLI-113,Erreur de base de données lors de la sauvegarde.,Logiciel,2,4,3,Dev-Core
TICK-1349,CLI-137,Nouvel arrivant : création de compte et accès mail.,Accès,4,4,3,Security-Ops
TICK-1350,CLI-135,"Accès VPN impossible depuis ce matin, erreur 404.",Réseau,3,4,5,Infra-Net
TICK-1351,CLI-108,Comment poser mes congés sur le nouveau portail ?,RH,4,5,5,Support-Admin
TICK-1352,CLI-139,Problème de lecture sur ma fiche de paie de janvier.,RH,4,1,3,Support-Admin
TICK-1353,CLI-131,Erreur de base de données lors de la sauvegarde.,Logiciel,1,3,4,Dev-Core
TICK-1354,CLI-116,Nouvel arrivant : création de compte et accès mail.,Accès,5,2,2,Security-Ops
TICK-1355,CLI-112,Le switch principal semble avoir grillé.,Réseau,2,3,4,Infra-Net
TICK-1356,CLI-135,Mon écran reste noir malgré le branchement.,Matériel,4,1,3,IT-Hardware
TICK-1357,CLI-138,Impossible d'exporter le rapport mensuel en PDF.,Logiciel,3,4,6,Dev-Core
TICK-1358,CLI-143,"Lenteur extrême sur le réseau local, impossible de travailler.",Réseau,5,4,5,Infra-Net
TICK-1359,CLI-133,Bug d'affichage sur le dashboard des ventes.,Logiciel,5,4,3,Dev-Core
TICK-1360,CLI-120,Alerte de sécurité : tentative de connexion suspecte.,Accès,4,1,9,Security-Ops
TICK-1361,CLI-107,Bug d'affichage sur le dashboard des ventes.,Logiciel,1,3,3,Dev-Core
TICK-1362,CLI-141,"La souris ne répond plus, même après changement de piles.",Matériel,2,2,3,IT-Hardware
TICK-1363,CLI-123,Demande d'information sur la mutuelle d'entreprise.,RH,1,5,5,Support-Admin
TICK-1364,CLI-116,Problème de lecture sur ma fiche de paie de janvier.,RH,5,1,3,Support-Admin
TICK-1365,CLI-143,Erreur de base de données lors de la sauvegarde.,Logiciel,5,1,3,Dev-Core
TICK-1366,CLI-120,Nouvel arrivant : création de compte et accès mail.,Accès,5,5,5,Security-Ops
TICK-1367,CLI-123,Compte bloqué après 3 tentatives infructueuses.,Accès,4,3,4,Security-Ops
TICK-1368,CLI-116,Impossible d'exporter le rapport mensuel en PDF.,Logiciel,2,5,5,Dev-Core
TICK-1369,CLI-145,Demande d'information sur la mutuelle d'entreprise.,RH,3,4,3,Support-Admin
TICK-1370,CLI-118,Alerte de sécurité : tentative de connexion suspecte.,Accès,5,1,9,Security-Ops
TICK-1371,CLI-144,Erreur de base de données lors de la sauvegarde.,Logiciel,5,4,4,Dev-Core
TICK-1372,CLI-102,Problème de lecture sur ma fiche de paie de janvier.,RH,2,2,3,Support-Admin
TICK-1373,CLI-129,Mon badge d'entrée ne fonctionne plus.,RH,1,5,4,Support-Admin
TICK-1374,CLI-109,Le switch principal semble avoir grillé.,Réseau,2,5,6,Infra-Net
TICK-1375,CLI-137,Nouvel arrivant : création de compte et accès mail.,Accès,4,1,2,Security-Ops
TICK-1376,CLI-101,Erreur de base de données lors de la sauvegarde.,Logiciel,2,4,3,Dev-Core
TICK-1377,CLI-133,Le switch principal semble avoir grillé.,Réseau,3,2,5,Infra-Net
TICK-1378,CLI-112,Mise à jour logicielle nécessaire pour le service compta.,Logiciel,5,1,3,Dev-Core
TICK-1379,CLI-104,J'ai oublié mon mot de passe de session.,Accès,4,1,3,Security-Ops
TICK-1380,CLI-109,Mise à jour logicielle nécessaire pour le service compta.,Logiciel,1,2,2,Dev-Core
TICK-1381,CLI-108,"La souris ne répond plus, même après changement de piles.",Matériel,1,3,3,IT-Hardware
TICK-1382,CLI-113,Déclaration de télétravail non validée par le système.,RH,2,3,3,Support-Admin
TICK-1383,CLI-100,Nouvel arrivant : création de compte et accès mail.,Accès,2,1,3,Security-Ops
TICK-1384,CLI-135,Erreur de base de données lors de la sauvegarde.,Logiciel,2,1,2,Dev-Core
TICK-1385,CLI-129,L'imprimante du service marketing fait un bruit anormal.,Matériel,3,4,3,IT-Hardware
TICK-1386,CLI-126,Problème de lecture sur ma fiche de paie de janvier.,RH,2,1,3,Support-Admin
TICK-1387,CLI-136,Besoin d'un nouveau chargeur pour mon laptop Dell.,Matériel,2,5,5,IT-Hardware
TICK-1388,CLI-139,J'ai oublié mon mot de passe de session.,Accès,1,5,4,Security-Ops
TICK-1389,CLI-120,Demande d'information sur la mutuelle d'entreprise.,RH,1,2,2,Support-Admin
TICK-1390,CLI-137,Mon badge d'entrée ne fonctionne plus.,RH,2,1,3,Support-Admin
TICK-1391,CLI-112,Demande d'accès au dossier partagé 'Finance'.,Accès,3,4,4,Security-Ops
TICK-1392,CLI-136,J'ai oublié mon mot de passe de session.,Accès,4,3,4,Security-Ops
TICK-1393,CLI-133,Coupure totale d'internet dans tout le bâtiment.,Réseau,5,3,10,Infra-Net
TICK-1394,CLI-128,L'imprimante du service marketing fait un bruit anormal.,Matériel,4,5,4,IT-Hardware
TICK-1395,CLI-149,Bug d'affichage sur le dashboard des ventes.,Logiciel,5,3,4,Dev-Core
TICK-1396,CLI-113,Erreur de base de données lors de la sauvegarde.,Logiciel,3,5,5,Dev-Core
TICK-1397,CLI-120,Le wifi ne fonctionne plus au 3ème étage.,Réseau,5,3,4,Infra-Net
TICK-1398,CLI-103,Clavier défectueux : certaines touches ne répondent pas.,Matériel,5,4,3,IT-Hardware
TICK-1399,CLI-143,"Accès VPN impossible depuis ce matin, erreur 404.",Réseau,2,2,4,Infra-Net
TICK-1400,CLI-133,Mon écran reste noir malgré le branchement.,Matériel,2,1,3,IT-Hardware
TICK-1401,CLI-120,L'imprimante du service marketing fait un bruit anormal.,Matériel,1,4,4,IT-Hardware
TICK-1402,CLI-122,Comment poser mes congés sur le nouveau portail ?,RH,2,4,4,Support-Admin
TICK-1403,CLI-105,Besoin d'un nouveau chargeur pour mon laptop Dell.,Matériel,2,1,2,IT-Hardware
TICK-1404,CLI-135,Alerte de sécurité : tentative de connexion suspecte.,Accès,5,2,8,Security-Ops
TICK-1405,CLI-130,Demande d'information sur la mutuelle d'entreprise.,RH,2,5,5,Support-Admin
TICK-1406,CLI-134,Le wifi ne fonctionne plus au 3ème étage.,Réseau,5,2,3,Infra-Net
TICK-1407,CLI-126,Erreur de base de données lors de la sauvegarde.,Logiciel,1,4,4,Dev-Core
TICK-1408,CLI-110,Clavier défectueux : certaines touches ne répondent pas.,Matériel,2,5,4,IT-Hardware
TICK-1409,CLI-101,Alerte de sécurité : tentative de connexion suspecte.,Accès,4,1,9,Security-Ops
TICK-1410,CLI-137,L'application métier plante au démarrage.,Logiciel,5,4,4,Dev-Core
TICK-1411,CLI-128,Mon écran reste noir malgré le branchement.,Matériel,1,5,5,IT-Hardware
TICK-1412,CLI-135,"Accès VPN impossible depuis ce matin, erreur 404.",Réseau,1,2,4,Infra-Net
TICK-1413,CLI-146,"Accès VPN impossible depuis ce matin, erreur 404.",Réseau,2,1,4,Infra-Net
TICK-1414,CLI-147,Demande d'information sur la mutuelle d'entreprise.,RH,2,4,4,Support-Admin
TICK-1415,CLI-145,Clavier défectueux : certaines touches ne répondent pas.,Matériel,5,2,2,IT-Hardware
TICK-1416,CLI-112,"Lenteur extrême sur le réseau local, impossible de travailler.",Réseau,4,5,5,Infra-Net
TICK-1417,CLI-150,Déclaration de télétravail non validée par le système.,RH,5,5,4,Support-Admin
TICK-1418,CLI-112,Alerte de sécurité : tentative de connexion suspecte.,Accès,2,2,8,Security-Ops
TICK-1419,CLI-103,Demande d'information sur la mutuelle d'entreprise.,RH,2,4,4,Support-Admin
TICK-1420,CLI-134,Alerte de sécurité : tentative de connexion suspecte.,Accès,3,2,8,Security-Ops
TICK-1421,CLI-150,J'ai oublié mon mot de passe de session.,Accès,5,4,3,Security-Ops
TICK-1422,CLI-108,Le switch principal semble avoir grillé.,Réseau,2,1,3,Infra-Net
TICK-1423,CLI-150,Impossible d'exporter le rapport mensuel en PDF.,Logiciel,4,1,3,Dev-Core
TICK-1424,CLI-139,Mon badge d'entrée ne fonctionne plus.,RH,4,4,3,Support-Admin
TICK-1425,CLI-139,Mise à jour logicielle nécessaire pour le service compta.,Logiciel,1,5,4,Dev-Core
TICK-1426,CLI-113,Coupure totale d'internet dans tout le bâtiment.,Réseau,4,3,9,Infra-Net
TICK-1427,CLI-131,L'imprimante du service marketing fait un bruit anormal.,Matériel,2,4,4,IT-Hardware
TICK-1428,CLI-116,Mon badge d'entrée ne fonctionne plus.,RH,3,4,4,Support-Admin
TICK-1429,CLI-114,Demande d'information sur la mutuelle d'entreprise.,RH,2,1,3,Support-Admin
TICK-1430,CLI-123,"Accès VPN impossible depuis ce matin, erreur 404.",Réseau,3,3,4,Infra-Net
TICK-1431,CLI-119,Nouvel arrivant : création de compte et accès mail.,Accès,5,5,5,Security-Ops
TICK-1432,CLI-124,Demande d'accès au dossier partagé 'Finance'.,Accès,4,1,2,Security-Ops
TICK-1433,CLI-126,Demande d'accès au dossier partagé 'Finance'.,Accès,5,5,5,Security-Ops
TICK-1434,CLI-127,Demande d'accès au dossier partagé 'Finance'.,Accès,2,2,3,Security-Ops
TICK-1435,CLI-113,Mon badge d'entrée ne fonctionne plus.,RH,4,5,5,Support-Admin
TICK-1436,CLI-126,J'ai oublié mon mot de passe de session.,Accès,3,5,5,Security-Ops
TICK-1437,CLI-131,Bug d'affichage sur le dashboard des ventes.,Logiciel,5,4,3,Dev-Core
TICK-1438,CLI-104,Comment poser mes congés sur le nouveau portail ?,RH,3,2,3,Support-Admin
TICK-1439,CLI-141,Le switch principal semble avoir grillé.,Réseau,5,1,3,Infra-Net
TICK-1440,CLI-115,Problème de lecture sur ma fiche de paie de janvier.,RH,2,1,2,Support-Admin
TICK-1441,CLI-129,Le switch principal semble avoir grillé.,Réseau,5,3,5,Infra-Net
TICK-1442,CLI-142,Déclaration de télétravail non validée par le système.,RH,1,4,3,Support-Admin
TICK-1443,CLI-108,"La souris ne répond plus, même après changement de piles.",Matériel,3,4,3,IT-Hardware
TICK-1444,CLI-135,Compte bloqué après 3 tentatives infructueuses.,Accès,3,2,5,Security-Ops
TICK-1445,CLI-124,L'imprimante du service marketing fait un bruit anormal.,Matériel,5,3,4,IT-Hardware
TICK-1446,CLI-137,L'application métier plante au démarrage.,Logiciel,1,5,4,Dev-Core
TICK-1447,CLI-100,Demande d'information sur la mutuelle d'entreprise.,RH,5,2,2,Support-Admin
TICK-1448,CLI-143,"Lenteur extrême sur le réseau local, impossible de travailler.",Réseau,1,5,5,Infra-Net
TICK-1449,CLI-101,Compte bloqué après 3 tentatives infructueuses.,Accès,2,1,4,Security-Ops
TICK-1450,CLI-110,"Accès VPN impossible depuis ce matin, erreur 404.",Réseau,3,3,4,Infra-Net
TICK-1451,CLI-148,Nouvel arrivant : création de compte et accès mail.,Accès,2,1,3,Security-Ops
TICK-1452,CLI-139,Mise à jour logicielle nécessaire pour le service compta.,Logiciel,2,2,2,Dev-Core
TICK-1453,CLI-134,Besoin d'un nouveau chargeur pour mon laptop Dell.,Matériel,1,1,2,IT-Hardware
TICK-1454,CLI-141,Mon écran reste noir malgré le branchement.,Matériel,1,1,2,IT-Hardware
TICK-1455,CLI-130,Compte bloqué après 3 tentatives infructueuses.,Accès,4,2,4,Security-Ops
TICK-1456,CLI-118,Problème de lecture sur ma fiche de paie de janvier.,RH,5,1,2,Support-Admin
TICK-1457,CLI-134,Impossible d'exporter le rapport mensuel en PDF.,Logiciel,3,1,4,Dev-Core
TICK-1458,CLI-107,L'imprimante du service marketing fait un bruit anormal.,Matériel,1,2,3,IT-Hardware
TICK-1459,CLI-108,Clavier défectueux : certaines touches ne répondent pas.,Matériel,5,5,4,IT-Hardware
TICK-1460,CLI-116,"Accès VPN impossible depuis ce matin, erreur 404.",Réseau,5,3,5,Infra-Net
TICK-1461,CLI-137,Le switch principal semble avoir grillé.,Réseau,5,1,3,Infra-Net
TICK-1462,CLI-108,Clavier défectueux : certaines touches ne répondent pas.,Matériel,3,1,2,IT-Hardware
TICK-1463,CLI-134,Besoin d'un nouveau chargeur pour mon laptop Dell.,Matériel,4,5,5,IT-Hardware
TICK-1464,CLI-118,Mon badge d'entrée ne fonctionne plus.,RH,3,5,4,Support-Admin
TICK-1465,CLI-105,L'application métier plante au démarrage.,Logiciel,1,5,4,Dev-Core
TICK-1466,CLI-139,Coupure totale d'internet dans tout le bâtiment.,Réseau,2,2,9,Infra-Net
TICK-1467,CLI-114,Bug d'affichage sur le dashboard des ventes.,Logiciel,3,3,4,Dev-Core
TICK-1468,CLI-107,Besoin d'un nouveau chargeur pour mon laptop Dell.,Matériel,1,4,3,IT-Hardware
TICK-1469,CLI-122,Nouvel arrivant : création de compte et accès mail.,Accès,5,1,3,Security-Ops
TICK-1470,CLI-150,Mon badge d'entrée ne fonctionne plus.,RH,1,5,4,Support-Admin
TICK-1471,CLI-115,Clavier défectueux : certaines touches ne répondent pas.,Matériel,3,3,3,IT-Hardware
TICK-1472,CLI-126,J'ai oublié mon mot de passe de session.,Accès,2,4,4,Security-Ops
TICK-1473,CLI-121,Coupure totale d'internet dans tout le bâtiment.,Réseau,2,1,9,Infra-Net
TICK-1474,CLI-138,Besoin d'un nouveau chargeur pour mon laptop Dell.,Matériel,2,3,4,IT-Hardware
TICK-1475,CLI-127,Besoin d'un nouveau chargeur pour mon laptop Dell.,Matériel,4,2,2,IT-Hardware
TICK-1476,CLI-105,Problème de lecture sur ma fiche de paie de janvier.,RH,5,3,4,Support-Admin
TICK-1477,CLI-101,L'imprimante du service marketing fait un bruit anormal.,Matériel,2,3,3,IT-Hardware
TICK-1478,CLI-119,Demande d'information sur la mutuelle d'entreprise.,RH,3,1,2,Support-Admin
TICK-1479,CLI-117,Demande d'information sur la mutuelle d'entreprise.,RH,1,3,3,Support-Admin
TICK-1480,CLI-120,Le wifi ne fonctionne plus au 3ème étage.,Réseau,5,3,4,Infra-Net
TICK-1481,CLI-110,Clavier défectueux : certaines touches ne répondent pas.,Matériel,3,3,4,IT-Hardware
TICK-1482,CLI-104,Demande d'information sur la mutuelle d'entreprise.,RH,2,2,3,Support-Admin
TICK-1483,CLI-147,Mon écran reste noir malgré le branchement.,Matériel,5,1,3,IT-Hardware
TICK-1484,CLI-147,Mise à jour logicielle nécessaire pour le service compta.,Logiciel,4,2,2,Dev-Core
TICK-1485,CLI-109,"Lenteur extrême sur le réseau local, impossible de travailler.",Réseau,2,5,6,Infra-Net
TICK-1486,CLI-114,L'application métier plante au démarrage.,Logiciel,2,5,5,Dev-Core
TICK-1487,CLI-111,Comment poser mes congés sur le nouveau portail ?,RH,1,1,3,Support-Admin
TICK-1488,CLI-103,Impossible d'exporter le rapport mensuel en PDF.,Logiciel,4,4,5,Dev-Core
TICK-1489,CLI-150,Problème de lecture sur ma fiche de paie de janvier.,RH,2,3,4,Support-Admin
TICK-1490,CLI-106,Demande d'accès au dossier partagé 'Finance'.,Accès,4,4,4,Security-Ops
TICK-1491,CLI-106,L'imprimante du service marketing fait un bruit anormal.,Matériel,2,5,5,IT-Hardware
TICK-1492,CLI-143,Mon écran reste noir malgré le branchement.,Matériel,2,2,2,IT-Hardware
TICK-1493,CLI-128,"Lenteur extrême sur le réseau local, impossible de travailler.",Réseau,2,5,6,Infra-Net
TICK-1494,CLI-131,Mon badge d'entrée ne fonctionne plus.,RH,2,2,2,Support-Admin
TICK-1495,CLI-134,Coupure totale d'internet dans tout le bâtiment.,Réseau,3,5,10,Infra-Net
TICK-1496,CLI-125,Mon écran reste noir malgré le branchement.,Matériel,3,2,3,IT-Hardware
TICK-1497,CLI-121,Problème de lecture sur ma fiche de paie de janvier.,RH,2,4,3,Support-Admin
TICK-1498,CLI-111,Demande d'accès au dossier partagé 'Finance'.,Accès,5,3,4,Security-Ops
TICK-1499,CLI-117,"Accès VPN impossible depuis ce matin, erreur 404.",Réseau,3,3,5,Infra-Net
TICK-1500,CLI-149,"Accès VPN impossible depuis ce matin, erreur 404.",Réseau,1,1,3,Infra-Net
TICK-1501,CLI-120,Le switch principal semble avoir grillé.,Réseau,1,2,5,Infra-Net
TICK-1502,CLI-131,Bug d'affichage sur le dashboard des ventes.,Logiciel,1,3,4,Dev-Core
TICK-1503,CLI-141,Alerte de sécurité : tentative de connexion suspecte.,Accès,4,2,9,Security-Ops
TICK-1504,CLI-142,L'application métier plante au démarrage.,Logiciel,5,1,2,Dev-Core
TICK-1505,CLI-141,Mon écran reste noir malgré le branchement.,Matériel,2,5,4,IT-Hardware
TICK-1506,CLI-140,Clavier défectueux : certaines touches ne répondent pas.,Matériel,5,5,4,IT-Hardware
TICK-1507,CLI-102,Mon badge d'entrée ne fonctionne plus.,RH,3,2,3,Support-Admin
TICK-1508,CLI-150,Erreur de base de données lors de la sauvegarde.,Logiciel,3,2,3,Dev-Core
TICK-1509,CLI-115,Nouvel arrivant : création de compte et accès mail.,Accès,5,4,3,Security-Ops
TICK-1510,CLI-105,Déclaration de télétravail non validée par le système.,RH,2,3,4,Support-Admin
TICK-1511,CLI-124,Comment poser mes congés sur le nouveau portail ?,RH,3,5,4,Support-Admin
TICK-1512,CLI-109,J'ai oublié mon mot de passe de session.,Accès,2,1,2,Security-Ops
TICK-1513,CLI-126,Erreur de base de données lors de la sauvegarde.,Logiciel,2,5,5,Dev-Core
TICK-1514,CLI-101,Erreur de base de données lors de la sauvegarde.,Logiciel,5,5,5,Dev-Core
TICK-1515,CLI-102,Mise à jour logicielle nécessaire pour le service compta.,Logiciel,4,5,4,Dev-Core
TICK-1516,CLI-113,Mon badge d'entrée ne fonctionne plus.,RH,2,4,4,Support-Admin
TICK-1517,CLI-106,Le wifi ne fonctionne plus au 3ème étage.,Réseau,3,2,3,Infra-Net
TICK-1518,CLI-115,J'ai oublié mon mot de passe de session.,Accès,1,4,4,Security-Ops
TICK-1519,CLI-134,Compte bloqué après 3 tentatives infructueuses.,Accès,4,3,5,Security-Ops
TICK-1520,CLI-128,Coupure totale d'internet dans tout le bâtiment.,Réseau,4,1,8,Infra-Net
TICK-1521,CLI-100,L'application métier plante au démarrage.,Logiciel,2,4,3,Dev-Core
TICK-1522,CLI-140,Besoin d'un nouveau chargeur pour mon laptop Dell.,Matériel,1,2,2,IT-Hardware
TICK-1523,CLI-129,Mise à jour logicielle nécessaire pour le service compta.,Logiciel,5,5,5,Dev-Core
TICK-1524,CLI-101,Compte bloqué après 3 tentatives infructueuses.,Accès,2,4,5,Security-Ops
TICK-1525,CLI-101,Comment poser mes congés sur le nouveau portail ?,RH,1,2,2,Support-Admin
TICK-1526,CLI-148,Déclaration de télétravail non validée par le système.,RH,5,4,4,Support-Admin
TICK-1527,CLI-110,Mon écran reste noir malgré le branchement.,Matériel,1,3,4,IT-Hardware
TICK-1528,CLI-101,Comment poser mes congés sur le nouveau portail ?,RH,4,5,5,Support-Admin
TICK-1529,CLI-119,J'ai oublié mon mot de passe de session.,Accès,3,5,5,Security-Ops
TICK-1530,CLI-138,Impossible d'exporter le rapport mensuel en PDF.,Logiciel,4,5,5,Dev-Core
TICK-1531,CLI-133,Le switch principal semble avoir grillé.,Réseau,2,3,4,Infra-Net
TICK-1532,CLI-136,L'imprimante du service marketing fait un bruit anormal.,Matériel,2,5,4,IT-Hardware
TICK-1533,CLI-132,Alerte de sécurité : tentative de connexion suspecte.,Accès,1,5,10,Security-Ops
TICK-1534,CLI-150,"Accès VPN impossible depuis ce matin, erreur 404.",Réseau,5,1,3,Infra-Net
TICK-1535,CLI-133,Demande d'information sur la mutuelle d'entreprise.,RH,4,3,4,Support-Admin
TICK-1536,CLI-148,Le switch principal semble avoir grillé.,Réseau,2,1,3,Infra-Net
TICK-1537,CLI-124,Mon badge d'entrée ne fonctionne plus.,RH,5,2,3,Support-Admin
TICK-1538,CLI-102,"Lenteur extrême sur le réseau local, impossible de travailler.",Réseau,3,5,5,Infra-Net
TICK-1539,CLI-136,Le switch principal semble avoir grillé.,Réseau,2,2,4,Infra-Net
TICK-1540,CLI-119,Comment poser mes congés sur le nouveau portail ?,RH,3,1,2,Support-Admin
TICK-1541,CLI-139,Nouvel arrivant : création de compte et accès mail.,Accès,1,3,3,Security-Ops
TICK-1542,CLI-118,J'ai oublié mon mot de passe de session.,Accès,5,2,3,Security-Ops
TICK-1543,CLI-136,Mise à jour logicielle nécessaire pour le service compta.,Logiciel,1,4,4,Dev-Core
TICK-1544,CLI-127,Problème de lecture sur ma fiche de paie de janvier.,RH,2,2,3,Support-Admin
TICK-1545,CLI-129,Déclaration de télétravail non validée par le système.,RH,1,3,3,Support-Admin
TICK-1546,CLI-133,"Accès VPN impossible depuis ce matin, erreur 404.",Réseau,2,3,4,Infra-Net
TICK-1547,CLI-149,"La souris ne répond plus, même après changement de piles.",Matériel,2,4,4,IT-Hardware
TICK-1548,CLI-146,Comment poser mes congés sur le nouveau portail ?,RH,1,2,2,Support-Admin
TICK-1549,CLI-104,L'imprimante du service marketing fait un bruit anormal.,Matériel,5,5,4,IT-Hardware
TICK-1550,CLI-135,Le wifi ne fonctionne plus au 3ème étage.,Réseau,3,3,4,Infra-Net
TICK-1551,CLI-134,Compte bloqué après 3 tentatives infructueuses.,Accès,3,3,5,Security-Ops
TICK-1552,CLI-104,Problème de lecture sur ma fiche de paie de janvier.,RH,4,1,3,Support-Admin
TICK-1553,CLI-150,Erreur de base de données lors de la sauvegarde.,Logiciel,2,3,3,Dev-Core
TICK-1554,CLI-115,Mon écran reste noir malgré le branchement.,Matériel,5,2,3,IT-Hardware
TICK-1555,CLI-135,Clavier défectueux : certaines touches ne répondent pas.,Matériel,1,2,3,IT-Hardware
TICK-1556,CLI-126,Comment poser mes congés sur le nouveau portail ?,RH,5,4,3,Support-Admin
TICK-1557,CLI-132,Mon badge d'entrée ne fonctionne plus.,RH,5,1,3,Support-Admin
TICK-1558,CLI-101,Bug d'affichage sur le dashboard des ventes.,Logiciel,1,4,3,Dev-Core
TICK-1559,CLI-114,Nouvel arrivant : création de compte et accès mail.,Accès,2,3,3,Security-Ops
TICK-1560,CLI-125,Erreur de base de données lors de la sauvegarde.,Logiciel,2,1,3,Dev-Core
TICK-1561,CLI-123,L'imprimante du service marketing fait un bruit anormal.,Matériel,1,5,5,IT-Hardware
TICK-1562,CLI-119,Demande d'information sur la mutuelle d'entreprise.,RH,1,2,3,Support-Admin
TICK-1563,CLI-112,"Accès VPN impossible depuis ce matin, erreur 404.",Réseau,3,2,4,Infra-Net
TICK-1564,CLI-103,Besoin d'un nouveau chargeur pour mon laptop Dell.,Matériel,3,4,4,IT-Hardware
TICK-1565,CLI-120,Le switch principal semble avoir grillé.,Réseau,3,5,5,Infra-Net
TICK-1566,CLI-143,Demande d'accès au dossier partagé 'Finance'.,Accès,5,3,3,Security-Ops
TICK-1567,CLI-107,Impossible d'exporter le rapport mensuel en PDF.,Logiciel,5,5,5,Dev-Core
TICK-1568,CLI-145,Coupure totale d'internet dans tout le bâtiment.,Réseau,4,2,8,Infra-Net
TICK-1569,CLI-107,Comment poser mes congés sur le nouveau portail ?,RH,2,4,3,Support-Admin
TICK-1570,CLI-108,Impossible d'exporter le rapport mensuel en PDF.,Logiciel,3,4,5,Dev-Core
TICK-1571,CLI-117,Bug d'affichage sur le dashboard des ventes.,Logiciel,1,1,2,Dev-Core
TICK-1572,CLI-107,J'ai oublié mon mot de passe de session.,Accès,3,2,3,Security-Ops
TICK-1573,CLI-144,Le switch principal semble avoir grillé.,Réseau,2,5,5,Infra-Net
TICK-1574,CLI-116,Clavier défectueux : certaines touches ne répondent pas.,Matériel,3,1,2,IT-Hardware
TICK-1575,CLI-112,J'ai oublié mon mot de passe de session.,Accès,5,5,5,Security-Ops
TICK-1576,CLI-101,Erreur de base de données lors de la sauvegarde.,Logiciel,1,5,5,Dev-Core
TICK-1577,CLI-106,Bug d'affichage sur le dashboard des ventes.,Logiciel,5,1,2,Dev-Core
TICK-1578,CLI-100,Demande d'accès au dossier partagé 'Finance'.,Accès,4,5,5,Security-Ops
TICK-1579,CLI-142,Demande d'accès au dossier partagé 'Finance'.,Accès,2,4,4,Security-Ops
TICK-1580,CLI-137,Déclaration de télétravail non validée par le système.,RH,1,1,2,Support-Admin
TICK-1581,CLI-148,Déclaration de télétravail non validée par le système.,RH,5,4,3,Support-Admin
TICK-1582,CLI-105,Coupure totale d'internet dans tout le bâtiment.,Réseau,3,1,9,Infra-Net
TICK-1583,CLI-118,Bug d'affichage sur le dashboard des ventes.,Logiciel,4,1,2,Dev-Core
TICK-1584,CLI-117,Le wifi ne fonctionne plus au 3ème étage.,Réseau,3,1,3,Infra-Net
TICK-1585,CLI-101,Déclaration de télétravail non validée par le système.,RH,1,3,3,Support-Admin
TICK-1586,CLI-146,Impossible d'exporter le rapport mensuel en PDF.,Logiciel,4,2,4,Dev-Core
TICK-1587,CLI-116,Mon badge d'entrée ne fonctionne plus.,RH,5,2,2,Support-Admin
TICK-1588,CLI-124,"Accès VPN impossible depuis ce matin, erreur 404.",Réseau,5,5,5,Infra-Net
TICK-1589,CLI-109,"Lenteur extrême sur le réseau local, impossible de travailler.",Réseau,2,3,5,Infra-Net
TICK-1590,CLI-107,Alerte de sécurité : tentative de connexion suspecte.,Accès,4,3,9,Security-Ops
TICK-1591,CLI-144,Clavier défectueux : certaines touches ne répondent pas.,Matériel,5,1,3,IT-Hardware
TICK-1592,CLI-107,Mon écran reste noir malgré le branchement.,Matériel,2,3,3,IT-Hardware
TICK-1593,CLI-100,"Lenteur extrême sur le réseau local, impossible de travailler.",Réseau,5,4,6,Infra-Net
TICK-1594,CLI-102,Mon badge d'entrée ne fonctionne plus.,RH,1,3,3,Support-Admin
TICK-1595,CLI-129,Demande d'information sur la mutuelle d'entreprise.,RH,4,1,3,Support-Admin
TICK-1596,CLI-120,Mise à jour logicielle nécessaire pour le service compta.,Logiciel,1,2,3,Dev-Core
TICK-1597,CLI-143,Le wifi ne fonctionne plus au 3ème étage.,Réseau,1,3,4,Infra-Net
TICK-1598,CLI-120,Compte bloqué après 3 tentatives infructueuses.,Accès,3,2,5,Security-Ops
TICK-1599,CLI-150,L'application métier plante au démarrage.,Logiciel,2,2,2,Dev-Core
TICK-1600,CLI-137,Coupure totale d'internet dans tout le bâtiment.,Réseau,1,4,9,Infra-Net
TICK-1601,CLI-135,"La souris ne répond plus, même après changement de piles.",Matériel,1,5,4,IT-Hardware
TICK-1602,CLI-110,Déclaration de télétravail non validée par le système.,RH,5,3,3,Support-Admin
TICK-1603,CLI-122,Le wifi ne fonctionne plus au 3ème étage.,Réseau,3,4,4,Infra-Net
TICK-1604,CLI-149,Demande d'accès au dossier partagé 'Finance'.,Accès,1,2,3,Security-Ops
TICK-1605,CLI-103,"La souris ne répond plus, même après changement de piles.",Matériel,4,4,3,IT-Hardware
TICK-1606,CLI-141,Mon écran reste noir malgré le branchement.,Matériel,1,3,4,IT-Hardware
TICK-1607,CLI-112,J'ai oublié mon mot de passe de session.,Accès,1,4,4,Security-Ops
TICK-1608,CLI-124,Coupure totale d'internet dans tout le bâtiment.,Réseau,3,5,10,Infra-Net
TICK-1609,CLI-103,Coupure totale d'internet dans tout le bâtiment.,Réseau,5,3,10,Infra-Net
TICK-1610,CLI-116,"La souris ne répond plus, même après changement de piles.",Matériel,5,2,3,IT-Hardware
TICK-1611,CLI-147,J'ai oublié mon mot de passe de session.,Accès,1,4,4,Security-Ops
TICK-1612,CLI-147,"La souris ne répond plus, même après changement de piles.",Matériel,5,3,3,IT-Hardware
TICK-1613,CLI-133,Déclaration de télétravail non validée par le système.,RH,3,3,3,Support-Admin
TICK-1614,CLI-145,Erreur de base de données lors de la sauvegarde.,Logiciel,1,3,4,Dev-Core
TICK-1615,CLI-117,Problème de lecture sur ma fiche de paie de janvier.,RH,1,3,4,Support-Admin
TICK-1616,CLI-150,L'imprimante du service marketing fait un bruit anormal.,Matériel,1,5,5,IT-Hardware
TICK-1617,CLI-123,"Lenteur extrême sur le réseau local, impossible de travailler.",Réseau,1,3,5,Infra-Net
TICK-1618,CLI-126,Le switch principal semble avoir grillé.,Réseau,5,3,4,Infra-Net
TICK-1619,CLI-132,Mon écran reste noir malgré le branchement.,Matériel,3,1,3,IT-Hardware
TICK-1620,CLI-122,L'imprimante du service marketing fait un bruit anormal.,Matériel,3,4,4,IT-Hardware
TICK-1621,CLI-130,Problème de lecture sur ma fiche de paie de janvier.,RH,4,1,2,Support-Admin
TICK-1622,CLI-113,Clavier défectueux : certaines touches ne répondent pas.,Matériel,5,4,4,IT-Hardware
TICK-1623,CLI-115,Mon écran reste noir malgré le branchement.,Matériel,3,3,4,IT-Hardware
TICK-1624,CLI-105,Clavier défectueux : certaines touches ne répondent pas.,Matériel,4,5,5,IT-Hardware
TICK-1625,CLI-122,Déclaration de télétravail non validée par le système.,RH,2,2,2,Support-Admin
TICK-1626,CLI-147,Comment poser mes congés sur le nouveau portail ?,RH,5,3,4,Support-Admin
TICK-1627,CLI-144,Mon écran reste noir malgré le branchement.,Matériel,4,1,2,IT-Hardware
TICK-1628,CLI-126,Compte bloqué après 3 tentatives infructueuses.,Accès,1,5,5,Security-Ops
TICK-1629,CLI-126,Bug d'affichage sur le dashboard des ventes.,Logiciel,2,1,2,Dev-Core
TICK-1630,CLI-106,Le switch principal semble avoir grillé.,Réseau,4,5,5,Infra-Net
TICK-1631,CLI-113,Mon écran reste noir malgré le branchement.,Matériel,5,4,3,IT-Hardware
TICK-1632,CLI-100,Déclaration de télétravail non validée par le système.,RH,2,2,3,Support-Admin
TICK-1633,CLI-118,L'application métier plante au démarrage.,Logiciel,5,2,2,Dev-Core
TICK-1634,CLI-115,Mise à jour logicielle nécessaire pour le service compta.,Logiciel,5,1,3,Dev-Core
TICK-1635,CLI-130,Problème de lecture sur ma fiche de paie de janvier.,RH,2,2,3,Support-Admin
TICK-1636,CLI-109,Mon badge d'entrée ne fonctionne plus.,RH,1,1,2,Support-Admin
TICK-1637,CLI-104,Nouvel arrivant : création de compte et accès mail.,Accès,4,2,3,Security-Ops
TICK-1638,CLI-137,Mise à jour logicielle nécessaire pour le service compta.,Logiciel,1,2,2,Dev-Core
TICK-1639,CLI-139,Déclaration de télétravail non validée par le système.,RH,2,5,4,Support-Admin
TICK-1640,CLI-119,Le wifi ne fonctionne plus au 3ème étage.,Réseau,1,4,3,Infra-Net
TICK-1641,CLI-125,Problème de lecture sur ma fiche de paie de janvier.,RH,2,2,2,Support-Admin
TICK-1642,CLI-127,Impossible d'exporter le rapport mensuel en PDF.,Logiciel,3,3,4,Dev-Core
TICK-1643,CLI-115,Bug d'affichage sur le dashboard des ventes.,Logiciel,1,1,2,Dev-Core
TICK-1644,CLI-120,Mon badge d'entrée ne fonctionne plus.,RH,5,2,2,Support-Admin
TICK-1645,CLI-140,"Lenteur extrême sur le réseau local, impossible de travailler.",Réseau,5,4,5,Infra-Net
TICK-1646,CLI-139,Mise à jour logicielle nécessaire pour le service compta.,Logiciel,1,2,2,Dev-Core
TICK-1647,CLI-143,Le switch principal semble avoir grillé.,Réseau,1,2,4,Infra-Net
TICK-1648,CLI-128,Demande d'accès au dossier partagé 'Finance'.,Accès,3,3,4,Security-Ops
TICK-1649,CLI-103,Clavier défectueux : certaines touches ne répondent pas.,Matériel,4,2,2,IT-Hardware
TICK-1650,CLI-144,L'application métier plante au démarrage.,Logiciel,1,4,4,Dev-Core
TICK-1651,CLI-101,L'imprimante du service marketing fait un bruit anormal.,Matériel,5,1,3,IT-Hardware
TICK-1652,CLI-143,Mon écran reste noir malgré le branchement.,Matériel,2,5,5,IT-Hardware
TICK-1653,CLI-144,Besoin d'un nouveau chargeur pour mon laptop Dell.,Matériel,2,2,2,IT-Hardware
TICK-1654,CLI-144,Impossible d'exporter le rapport mensuel en PDF.,Logiciel,3,1,3,Dev-Core
TICK-1655,CLI-138,Coupure totale d'internet dans tout le bâtiment.,Réseau,4,5,10,Infra-Net
TICK-1656,CLI-141,Impossible d'exporter le rapport mensuel en PDF.,Logiciel,5,5,5,Dev-Core
TICK-1657,CLI-134,Le switch principal semble avoir grillé.,Réseau,3,3,5,Infra-Net
TICK-1658,CLI-111,Déclaration de télétravail non validée par le système.,RH,4,1,2,Support-Admin
TICK-1659,CLI-138,Alerte de sécurité : tentative de connexion suspecte.,Accès,3,2,9,Security-Ops
TICK-1660,CLI-135,Alerte de sécurité : tentative de connexion suspecte.,Accès,4,3,9,Security-Ops
TICK-1661,CLI-101,Demande d'information sur la mutuelle d'entreprise.,RH,2,2,2,Support-Admin
TICK-1662,CLI-101,Problème de lecture sur ma fiche de paie de janvier.,RH,3,4,4,Support-Admin
TICK-1663,CLI-121,J'ai oublié mon mot de passe de session.,Accès,2,3,3,Security-Ops
TICK-1664,CLI-101,Demande d'information sur la mutuelle d'entreprise.,RH,2,1,3,Support-Admin
TICK-1665,CLI-112,Comment poser mes congés sur le nouveau portail ?,RH,2,1,3,Support-Admin
TICK-1666,CLI-108,Besoin d'un nouveau chargeur pour mon laptop Dell.,Matériel,2,3,4,IT-Hardware
TICK-1667,CLI-133,L'application métier plante au démarrage.,Logiciel,1,4,3,Dev-Core
TICK-1668,CLI-150,Problème de lecture sur ma fiche de paie de janvier.,RH,3,4,4,Support-Admin
TICK-1669,CLI-104,Compte bloqué après 3 tentatives infructueuses.,Accès,5,4,6,Security-Ops
TICK-1670,CLI-103,"La souris ne répond plus, même après changement de piles.",Matériel,2,2,2,IT-Hardware
TICK-1671,CLI-134,Besoin d'un nouveau chargeur pour mon laptop Dell.,Matériel,3,5,5,IT-Hardware
TICK-1672,CLI-136,L'imprimante du service marketing fait un bruit anormal.,Matériel,5,3,3,IT-Hardware
TICK-1673,CLI-150,Déclaration de télétravail non validée par le système.,RH,2,1,3,Support-Admin
TICK-1674,CLI-132,Nouvel arrivant : création de compte et accès mail.,Accès,5,4,4,Security-Ops
TICK-1675,CLI-105,Nouvel arrivant : création de compte et accès mail.,Accès,3,2,2,Security-Ops
TICK-1676,CLI-115,Déclaration de télétravail non validée par le système.,RH,2,2,3,Support-Admin
TICK-1677,CLI-115,Alerte de sécurité : tentative de connexion suspecte.,Accès,4,2,9,Security-Ops
TICK-1678,CLI-123,Mise à jour logicielle nécessaire pour le service compta.,Logiciel,4,2,3,Dev-Core
TICK-1679,CLI-114,Comment poser mes congés sur le nouveau portail ?,RH,4,2,2,Support-Admin
TICK-1680,CLI-139,Le wifi ne fonctionne plus au 3ème étage.,Réseau,3,3,3,Infra-Net
TICK-1681,CLI-104,Mon badge d'entrée ne fonctionne plus.,RH,1,5,5,Support-Admin
TICK-1682,CLI-136,Nouvel arrivant : création de compte et accès mail.,Accès,2,2,3,Security-Ops
TICK-1683,CLI-107,Clavier défectueux : certaines touches ne répondent pas.,Matériel,2,3,4,IT-Hardware
TICK-1684,CLI-105,Besoin d'un nouveau chargeur pour mon laptop Dell.,Matériel,5,3,4,IT-Hardware
TICK-1685,CLI-140,Mon écran reste noir malgré le branchement.,Matériel,2,3,3,IT-Hardware
TICK-1686,CLI-119,Le wifi ne fonctionne plus au 3ème étage.,Réseau,5,4,3,Infra-Net
TICK-1687,CLI-147,Déclaration de télétravail non validée par le système.,RH,4,4,4,Support-Admin
TICK-1688,CLI-111,Mon badge d'entrée ne fonctionne plus.,RH,3,3,4,Support-Admin
TICK-1689,CLI-104,Demande d'accès au dossier partagé 'Finance'.,Accès,1,5,4,Security-Ops
TICK-1690,CLI-140,Problème de lecture sur ma fiche de paie de janvier.,RH,3,1,2,Support-Admin
TICK-1691,CLI-108,Demande d'information sur la mutuelle d'entreprise.,RH,1,1,3,Support-Admin
TICK-1692,CLI-100,Problème de lecture sur ma fiche de paie de janvier.,RH,1,5,4,Support-Admin
TICK-1693,CLI-147,Compte bloqué après 3 tentatives infructueuses.,Accès,4,4,5,Security-Ops
TICK-1694,CLI-120,J'ai oublié mon mot de passe de session.,Accès,4,2,3,Security-Ops
TICK-1695,CLI-139,Clavier défectueux : certaines touches ne répondent pas.,Matériel,4,2,3,IT-Hardware
TICK-1696,CLI-114,Impossible d'exporter le rapport mensuel en PDF.,Logiciel,2,3,5,Dev-Core
TICK-1697,CLI-141,Déclaration de télétravail non validée par le système.,RH,1,4,3,Support-Admin
TICK-1698,CLI-141,Mon écran reste noir malgré le branchement.,Matériel,1,4,4,IT-Hardware
TICK-1699,CLI-130,Bug d'affichage sur le dashboard des ventes.,Logiciel,2,5,4,Dev-Core
TICK-1700,CLI-136,Besoin d'un nouveau chargeur pour mon laptop Dell.,Matériel,1,1,3,IT-Hardware
TICK-1701,CLI-145,"Accès VPN impossible depuis ce matin, erreur 404.",Réseau,4,5,6,Infra-Net
TICK-1702,CLI-138,Le switch principal semble avoir grillé.,Réseau,1,4,6,Infra-Net
TICK-1703,CLI-126,Mon badge d'entrée ne fonctionne plus.,RH,2,3,3,Support-Admin
TICK-1704,CLI-148,Alerte de sécurité : tentative de connexion suspecte.,Accès,2,3,10,Security-Ops
TICK-1705,CLI-124,Comment poser mes congés sur le nouveau portail ?,RH,2,5,4,Support-Admin
TICK-1706,CLI-139,Alerte de sécurité : tentative de connexion suspecte.,Accès,5,4,9,Security-Ops
TICK-1707,CLI-136,Coupure totale d'internet dans tout le bâtiment.,Réseau,2,4,10,Infra-Net
TICK-1708,CLI-109,L'imprimante du service marketing fait un bruit anormal.,Matériel,1,1,2,IT-Hardware
TICK-1709,CLI-129,J'ai oublié mon mot de passe de session.,Accès,4,4,3,Security-Ops
TICK-1710,CLI-142,Mon écran reste noir malgré le branchement.,Matériel,3,5,4,IT-Hardware
TICK-1711,CLI-123,"La souris ne répond plus, même après changement de piles.",Matériel,3,3,4,IT-Hardware
TICK-1712,CLI-103,Coupure totale d'internet dans tout le bâtiment.,Réseau,3,2,9,Infra-Net
TICK-1713,CLI-102,Comment poser mes congés sur le nouveau portail ?,RH,1,1,3,Support-Admin
TICK-1714,CLI-110,Mise à jour logicielle nécessaire pour le service compta.,Logiciel,3,5,4,Dev-Core
TICK-1715,CLI-102,Comment poser mes congés sur le nouveau portail ?,RH,5,4,3,Support-Admin
TICK-1716,CLI-143,Impossible d'exporter le rapport mensuel en PDF.,Logiciel,1,5,5,Dev-Core
TICK-1717,CLI-114,L'imprimante du service marketing fait un bruit anormal.,Matériel,3,3,3,IT-Hardware
TICK-1718,CLI-125,Le switch principal semble avoir grillé.,Réseau,5,4,5,Infra-Net
TICK-1719,CLI-128,J'ai oublié mon mot de passe de session.,Accès,2,3,3,Security-Ops
TICK-1720,CLI-106,Le switch principal semble avoir grillé.,Réseau,1,3,5,Infra-Net
TICK-1721,CLI-126,Le switch principal semble avoir grillé.,Réseau,5,3,5,Infra-Net
TICK-1722,CLI-148,Bug d'affichage sur le dashboard des ventes.,Logiciel,5,2,2,Dev-Core
TICK-1723,CLI-122,Demande d'accès au dossier partagé 'Finance'.,Accès,4,2,3,Security-Ops
TICK-1724,CLI-100,Comment poser mes congés sur le nouveau portail ?,RH,5,1,3,Support-Admin
TICK-1725,CLI-130,Problème de lecture sur ma fiche de paie de janvier.,RH,5,3,3,Support-Admin
TICK-1726,CLI-150,Nouvel arrivant : création de compte et accès mail.,Accès,2,3,4,Security-Ops
TICK-1727,CLI-104,L'application métier plante au démarrage.,Logiciel,1,1,2,Dev-Core
TICK-1728,CLI-108,Clavier défectueux : certaines touches ne répondent pas.,Matériel,5,1,2,IT-Hardware
TICK-1729,CLI-150,Comment poser mes congés sur le nouveau portail ?,RH,5,4,3,Support-Admin
TICK-1730,CLI-122,Clavier défectueux : certaines touches ne répondent pas.,Matériel,2,3,3,IT-Hardware
TICK-1731,CLI-115,Compte bloqué après 3 tentatives infructueuses.,Accès,2,2,5,Security-Ops
TICK-1732,CLI-131,"Lenteur extrême sur le réseau local, impossible de travailler.",Réseau,1,4,5,Infra-Net
TICK-1733,CLI-104,Compte bloqué après 3 tentatives infructueuses.,Accès,2,4,5,Security-Ops
TICK-1734,CLI-126,Comment poser mes congés sur le nouveau portail ?,RH,3,2,2,Support-Admin
TICK-1735,CLI-119,L'imprimante du service marketing fait un bruit anormal.,Matériel,2,5,5,IT-Hardware
TICK-1736,CLI-148,Demande d'accès au dossier partagé 'Finance'.,Accès,3,5,4,Security-Ops
TICK-1737,CLI-137,Nouvel arrivant : création de compte et accès mail.,Accès,4,4,4,Security-Ops
TICK-1738,CLI-119,Mise à jour logicielle nécessaire pour le service compta.,Logiciel,2,3,4,Dev-Core
TICK-1739,CLI-101,Compte bloqué après 3 tentatives infructueuses.,Accès,1,3,4,Security-Ops
TICK-1740,CLI-143,"Lenteur extrême sur le réseau local, impossible de travailler.",Réseau,2,5,5,Infra-Net
TICK-1741,CLI-128,"La souris ne répond plus, même après changement de piles.",Matériel,3,5,4,IT-Hardware
TICK-1742,CLI-119,Le switch principal semble avoir grillé.,Réseau,5,1,3,Infra-Net
TICK-1743,CLI-106,Clavier défectueux : certaines touches ne répondent pas.,Matériel,1,4,4,IT-Hardware
TICK-1744,CLI-145,Compte bloqué après 3 tentatives infructueuses.,Accès,4,1,3,Security-Ops
TICK-1745,CLI-141,Nouvel arrivant : création de compte et accès mail.,Accès,2,3,3,Security-Ops
TICK-1746,CLI-110,Le wifi ne fonctionne plus au 3ème étage.,Réseau,3,2,2,Infra-Net
TICK-1747,CLI-125,Bug d'affichage sur le dashboard des ventes.,Logiciel,4,4,4,Dev-Core
TICK-1748,CLI-148,Clavier défectueux : certaines touches ne répondent pas.,Matériel,1,5,5,IT-Hardware
TICK-1749,CLI-143,Compte bloqué après 3 tentatives infructueuses.,Accès,2,2,4,Security-Ops
TICK-1750,CLI-106,Problème de lecture sur ma fiche de paie de janvier.,RH,2,3,3,Support-Admin
TICK-1751,CLI-103,Mise à jour logicielle nécessaire pour le service compta.,Logiciel,3,5,4,Dev-Core
TICK-1752,CLI-138,Demande d'accès au dossier partagé 'Finance'.,Accès,5,4,4,Security-Ops
TICK-1753,CLI-122,"Accès VPN impossible depuis ce matin, erreur 404.",Réseau,2,3,5,Infra-Net
TICK-1754,CLI-127,Compte bloqué après 3 tentatives infructueuses.,Accès,1,1,4,Security-Ops
TICK-1755,CLI-107,Le switch principal semble avoir grillé.,Réseau,2,2,4,Infra-Net
TICK-1756,CLI-150,Compte bloqué après 3 tentatives infructueuses.,Accès,4,5,5,Security-Ops
TICK-1757,CLI-122,Le switch principal semble avoir grillé.,Réseau,5,5,6,Infra-Net
TICK-1758,CLI-121,Besoin d'un nouveau chargeur pour mon laptop Dell.,Matériel,3,5,5,IT-Hardware
TICK-1759,CLI-108,Le switch principal semble avoir grillé.,Réseau,3,1,3,Infra-Net
TICK-1760,CLI-117,Déclaration de télétravail non validée par le système.,RH,3,3,4,Support-Admin
TICK-1761,CLI-116,Le wifi ne fonctionne plus au 3ème étage.,Réseau,3,1,3,Infra-Net
TICK-1762,CLI-103,Le wifi ne fonctionne plus au 3ème étage.,Réseau,3,2,2,Infra-Net
TICK-1763,CLI-114,J'ai oublié mon mot de passe de session.,Accès,1,4,3,Security-Ops
TICK-1764,CLI-103,Besoin d'un nouveau chargeur pour mon laptop Dell.,Matériel,5,3,3,IT-Hardware
TICK-1765,CLI-115,Comment poser mes congés sur le nouveau portail ?,RH,2,3,4,Support-Admin
TICK-1766,CLI-111,L'application métier plante au démarrage.,Logiciel,3,3,4,Dev-Core
TICK-1767,CLI-145,"La souris ne répond plus, même après changement de piles.",Matériel,1,1,2,IT-Hardware
TICK-1768,CLI-110,L'imprimante du service marketing fait un bruit anormal.,Matériel,3,1,2,IT-Hardware
TICK-1769,CLI-138,Mon écran reste noir malgré le branchement.,Matériel,3,3,4,IT-Hardware
TICK-1770,CLI-113,"Accès VPN impossible depuis ce matin, erreur 404.",Réseau,4,1,3,Infra-Net
TICK-1771,CLI-143,"La souris ne répond plus, même après changement de piles.",Matériel,4,4,4,IT-Hardware
TICK-1772,CLI-121,Alerte de sécurité : tentative de connexion suspecte.,Accès,4,1,8,Security-Ops
TICK-1773,CLI-144,"Accès VPN impossible depuis ce matin, erreur 404.",Réseau,2,2,4,Infra-Net
TICK-1774,CLI-114,Le switch principal semble avoir grillé.,Réseau,4,1,4,Infra-Net
TICK-1775,CLI-114,Erreur de base de données lors de la sauvegarde.,Logiciel,4,5,5,Dev-Core
TICK-1776,CLI-113,Le switch principal semble avoir grillé.,Réseau,2,1,4,Infra-Net
TICK-1777,CLI-132,Le switch principal semble avoir grillé.,Réseau,1,4,5,Infra-Net
TICK-1778,CLI-132,"Lenteur extrême sur le réseau local, impossible de travailler.",Réseau,2,3,4,Infra-Net
TICK-1779,CLI-112,"La souris ne répond plus, même après changement de piles.",Matériel,2,2,2,IT-Hardware
TICK-1780,CLI-128,Besoin d'un nouveau chargeur pour mon laptop Dell.,Matériel,2,3,4,IT-Hardware
TICK-1781,CLI-122,Bug d'affichage sur le dashboard des ventes.,Logiciel,1,5,4,Dev-Core
TICK-1782,CLI-139,Nouvel arrivant : création de compte et accès mail.,Accès,5,1,2,Security-Ops
TICK-1783,CLI-128,Déclaration de télétravail non validée par le système.,RH,3,1,2,Support-Admin
TICK-1784,CLI-149,Nouvel arrivant : création de compte et accès mail.,Accès,5,5,5,Security-Ops
TICK-1785,CLI-122,"Lenteur extrême sur le réseau local, impossible de travailler.",Réseau,3,1,4,Infra-Net
TICK-1786,CLI-147,Mon écran reste noir malgré le branchement.,Matériel,4,2,2,IT-Hardware
TICK-1787,CLI-110,Clavier défectueux : certaines touches ne répondent pas.,Matériel,5,1,2,IT-Hardware
TICK-1788,CLI-124,Demande d'information sur la mutuelle d'entreprise.,RH,4,1,3,Support-Admin
TICK-1789,CLI-100,Bug d'affichage sur le dashboard des ventes.,Logiciel,4,1,3,Dev-Core
TICK-1790,CLI-121,Mon badge d'entrée ne fonctionne plus.,RH,5,3,4,Support-Admin
TICK-1791,CLI-104,Nouvel arrivant : création de compte et accès mail.,Accès,5,2,2,Security-Ops
TICK-1792,CLI-131,Le switch principal semble avoir grillé.,Réseau,4,5,6,Infra-Net
TICK-1793,CLI-144,Le switch principal semble avoir grillé.,Réseau,3,2,5,Infra-Net
TICK-1794,CLI-131,"La souris ne répond plus, même après changement de piles.",Matériel,1,3,3,IT-Hardware
TICK-1795,CLI-114,"Accès VPN impossible depuis ce matin, erreur 404.",Réseau,1,5,6,Infra-Net
TICK-1796,CLI-137,"Accès VPN impossible depuis ce matin, erreur 404.",Réseau,3,2,4,Infra-Net
TICK-1797,CLI-150,Clavier défectueux : certaines touches ne répondent pas.,Matériel,5,5,5,IT-Hardware
TICK-1798,CLI-124,Mon badge d'entrée ne fonctionne plus.,RH,1,5,5,Support-Admin
TICK-1799,CLI-108,L'application métier plante au démarrage.,Logiciel,4,5,5,Dev-Core
TICK-1800,CLI-104,Impossible d'exporter le rapport mensuel en PDF.,Logiciel,2,2,5,Dev-Core
TICK-1801,CLI-127,Impossible d'exporter le rapport mensuel en PDF.,Logiciel,1,1,4,Dev-Core
TICK-1802,CLI-149,Déclaration de télétravail non validée par le système.,RH,4,3,4,Support-Admin
TICK-1803,CLI-119,Erreur de base de données lors de la sauvegarde.,Logiciel,1,5,4,Dev-Core
TICK-1804,CLI-113,Mon badge d'entrée ne fonctionne plus.,RH,3,1,2,Support-Admin
TICK-1805,CLI-131,J'ai oublié mon mot de passe de session.,Accès,5,1,3,Security-Ops
TICK-1806,CLI-116,Le wifi ne fonctionne plus au 3ème étage.,Réseau,3,2,2,Infra-Net
TICK-1807,CLI-117,Bug d'affichage sur le dashboard des ventes.,Logiciel,3,5,4,Dev-Core
TICK-1808,CLI-102,Demande d'information sur la mutuelle d'entreprise.,RH,3,3,3,Support-Admin
TICK-1809,CLI-135,Problème de lecture sur ma fiche de paie de janvier.,RH,1,1,3,Support-Admin
TICK-1810,CLI-129,Coupure totale d'internet dans tout le bâtiment.,Réseau,5,3,9,Infra-Net
TICK-1811,CLI-127,Bug d'affichage sur le dashboard des ventes.,Logiciel,2,2,2,Dev-Core
TICK-1812,CLI-147,"Accès VPN impossible depuis ce matin, erreur 404.",Réseau,2,2,4,Infra-Net
TICK-1813,CLI-139,Le wifi ne fonctionne plus au 3ème étage.,Réseau,4,1,2,Infra-Net
TICK-1814,CLI-102,L'application métier plante au démarrage.,Logiciel,2,3,4,Dev-Core
TICK-1815,CLI-141,Mon badge d'entrée ne fonctionne plus.,RH,5,3,3,Support-Admin
TICK-1816,CLI-126,Erreur de base de données lors de la sauvegarde.,Logiciel,3,5,4,Dev-Core
TICK-1817,CLI-134,Bug d'affichage sur le dashboard des ventes.,Logiciel,2,5,5,Dev-Core
TICK-1818,CLI-102,Besoin d'un nouveau chargeur pour mon laptop Dell.,Matériel,1,3,3,IT-Hardware
TICK-1819,CLI-100,L'imprimante du service marketing fait un bruit anormal.,Matériel,5,1,3,IT-Hardware
TICK-1820,CLI-132,Comment poser mes congés sur le nouveau portail ?,RH,2,4,3,Support-Admin
TICK-1821,CLI-145,Problème de lecture sur ma fiche de paie de janvier.,RH,2,1,2,Support-Admin
TICK-1822,CLI-109,Le switch principal semble avoir grillé.,Réseau,2,2,5,Infra-Net
TICK-1823,CLI-148,Le wifi ne fonctionne plus au 3ème étage.,Réseau,4,1,3,Infra-Net
TICK-1824,CLI-122,Mon badge d'entrée ne fonctionne plus.,RH,3,2,2,Support-Admin
TICK-1825,CLI-143,Besoin d'un nouveau chargeur pour mon laptop Dell.,Matériel,2,1,3,IT-Hardware
TICK-1826,CLI-122,"Lenteur extrême sur le réseau local, impossible de travailler.",Réseau,2,2,5,Infra-Net
TICK-1827,CLI-137,Problème de lecture sur ma fiche de paie de janvier.,RH,3,5,4,Support-Admin
TICK-1828,CLI-139,Coupure totale d'internet dans tout le bâtiment.,Réseau,5,1,8,Infra-Net
TICK-1829,CLI-113,Mon écran reste noir malgré le branchement.,Matériel,3,5,5,IT-Hardware
TICK-1830,CLI-137,L'imprimante du service marketing fait un bruit anormal.,Matériel,4,5,5,IT-Hardware
TICK-1831,CLI-109,"Accès VPN impossible depuis ce matin, erreur 404.",Réseau,2,2,4,Infra-Net
TICK-1832,CLI-137,Déclaration de télétravail non validée par le système.,RH,5,1,3,Support-Admin
TICK-1833,CLI-142,Nouvel arrivant : création de compte et accès mail.,Accès,4,5,5,Security-Ops
TICK-1834,CLI-102,Besoin d'un nouveau chargeur pour mon laptop Dell.,Matériel,1,2,3,IT-Hardware
TICK-1835,CLI-108,Mise à jour logicielle nécessaire pour le service compta.,Logiciel,1,3,3,Dev-Core
TICK-1836,CLI-123,Nouvel arrivant : création de compte et accès mail.,Accès,3,4,4,Security-Ops
TICK-1837,CLI-106,"Accès VPN impossible depuis ce matin, erreur 404.",Réseau,3,3,5,Infra-Net
TICK-1838,CLI-120,Clavier défectueux : certaines touches ne répondent pas.,Matériel,3,1,3,IT-Hardware
TICK-1839,CLI-134,Compte bloqué après 3 tentatives infructueuses.,Accès,4,2,4,Security-Ops
TICK-1840,CLI-141,L'application métier plante au démarrage.,Logiciel,2,1,3,Dev-Core
TICK-1841,CLI-127,Le switch principal semble avoir grillé.,Réseau,5,4,5,Infra-Net
TICK-1842,CLI-130,Besoin d'un nouveau chargeur pour mon laptop Dell.,Matériel,3,4,4,IT-Hardware
TICK-1843,CLI-127,L'application métier plante au démarrage.,Logiciel,1,5,4,Dev-Core
TICK-1844,CLI-112,Coupure totale d'internet dans tout le bâtiment.,Réseau,2,3,9,Infra-Net
TICK-1845,CLI-138,Demande d'accès au dossier partagé 'Finance'.,Accès,3,5,5,Security-Ops
TICK-1846,CLI-112,L'application métier plante au démarrage.,Logiciel,5,5,5,Dev-Core
TICK-1847,CLI-125,Mise à jour logicielle nécessaire pour le service compta.,Logiciel,2,4,4,Dev-Core
TICK-1848,CLI-134,Coupure totale d'internet dans tout le bâtiment.,Réseau,1,4,9,Infra-Net
TICK-1849,CLI-108,Compte bloqué après 3 tentatives infructueuses.,Accès,1,2,5,Security-Ops
TICK-1850,CLI-105,L'imprimante du service marketing fait un bruit anormal.,Matériel,3,4,3,IT-Hardware
TICK-1851,CLI-116,Demande d'information sur la mutuelle d'entreprise.,RH,3,3,3,Support-Admin
TICK-1852,CLI-143,Erreur de base de données lors de la sauvegarde.,Logiciel,4,4,3,Dev-Core
TICK-1853,CLI-144,Besoin d'un nouveau chargeur pour mon laptop Dell.,Matériel,1,2,2,IT-Hardware
TICK-1854,CLI-116,J'ai oublié mon mot de passe de session.,Accès,1,1,2,Security-Ops
TICK-1855,CLI-137,L'imprimante du service marketing fait un bruit anormal.,Matériel,2,5,4,IT-Hardware
TICK-1856,CLI-133,Besoin d'un nouveau chargeur pour mon laptop Dell.,Matériel,3,4,4,IT-Hardware
TICK-1857,CLI-116,Le wifi ne fonctionne plus au 3ème étage.,Réseau,3,3,3,Infra-Net
TICK-1858,CLI-145,Mon badge d'entrée ne fonctionne plus.,RH,3,4,4,Support-Admin
TICK-1859,CLI-101,Déclaration de télétravail non validée par le système.,RH,4,1,3,Support-Admin
TICK-1860,CLI-150,Compte bloqué après 3 tentatives infructueuses.,Accès,3,1,3,Security-Ops
TICK-1861,CLI-126,Mon écran reste noir malgré le branchement.,Matériel,5,4,3,IT-Hardware
TICK-1862,CLI-115,"Lenteur extrême sur le réseau local, impossible de travailler.",Réseau,4,3,4,Infra-Net
TICK-1863,CLI-133,Le switch principal semble avoir grillé.,Réseau,5,3,5,Infra-Net
TICK-1864,CLI-102,Bug d'affichage sur le dashboard des ventes.,Logiciel,4,4,3,Dev-Core
TICK-1865,CLI-131,Déclaration de télétravail non validée par le système.,RH,3,4,3,Support-Admin
TICK-1866,CLI-141,Mon badge d'entrée ne fonctionne plus.,RH,3,3,4,Support-Admin
TICK-1867,CLI-106,Mon badge d'entrée ne fonctionne plus.,RH,5,5,5,Support-Admin
TICK-1868,CLI-144,Erreur de base de données lors de la sauvegarde.,Logiciel,4,5,4,Dev-Core
TICK-1869,CLI-106,Mise à jour logicielle nécessaire pour le service compta.,Logiciel,5,2,2,Dev-Core
TICK-1870,CLI-132,Mon badge d'entrée ne fonctionne plus.,RH,3,1,3,Support-Admin
TICK-1871,CLI-123,"Accès VPN impossible depuis ce matin, erreur 404.",Réseau,4,1,3,Infra-Net
TICK-1872,CLI-137,Erreur de base de données lors de la sauvegarde.,Logiciel,1,4,3,Dev-Core
TICK-1873,CLI-143,L'imprimante du service marketing fait un bruit anormal.,Matériel,5,1,3,IT-Hardware
TICK-1874,CLI-102,L'application métier plante au démarrage.,Logiciel,4,4,4,Dev-Core
TICK-1875,CLI-134,Alerte de sécurité : tentative de connexion suspecte.,Accès,2,1,9,Security-Ops
TICK-1876,CLI-124,"Lenteur extrême sur le réseau local, impossible de travailler.",Réseau,2,4,5,Infra-Net
TICK-1877,CLI-104,Demande d'information sur la mutuelle d'entreprise.,RH,3,1,2,Support-Admin
TICK-1878,CLI-146,Alerte de sécurité : tentative de connexion suspecte.,Accès,5,5,10,Security-Ops
TICK-1879,CLI-150,Erreur de base de données lors de la sauvegarde.,Logiciel,5,2,2,Dev-Core
TICK-1880,CLI-132,Mon écran reste noir malgré le branchement.,Matériel,1,5,5,IT-Hardware
TICK-1881,CLI-103,Mise à jour logicielle nécessaire pour le service compta.,Logiciel,5,3,4,Dev-Core
TICK-1882,CLI-115,Coupure totale d'internet dans tout le bâtiment.,Réseau,5,4,10,Infra-Net
TICK-1883,CLI-115,Clavier défectueux : certaines touches ne répondent pas.,Matériel,3,1,3,IT-Hardware
TICK-1884,CLI-147,Impossible d'exporter le rapport mensuel en PDF.,Logiciel,5,5,5,Dev-Core
TICK-1885,CLI-122,Mon badge d'entrée ne fonctionne plus.,RH,1,1,2,Support-Admin
TICK-1886,CLI-150,Impossible d'exporter le rapport mensuel en PDF.,Logiciel,5,4,6,Dev-Core
TICK-1887,CLI-140,"Accès VPN impossible depuis ce matin, erreur 404.",Réseau,3,4,6,Infra-Net
TICK-1888,CLI-107,Erreur de base de données lors de la sauvegarde.,Logiciel,1,3,4,Dev-Core
TICK-1889,CLI-101,Bug d'affichage sur le dashboard des ventes.,Logiciel,2,2,3,Dev-Core
TICK-1890,CLI-128,Problème de lecture sur ma fiche de paie de janvier.,RH,3,1,2,Support-Admin
TICK-1891,CLI-142,Impossible d'exporter le rapport mensuel en PDF.,Logiciel,2,2,5,Dev-Core
TICK-1892,CLI-121,J'ai oublié mon mot de passe de session.,Accès,5,1,3,Security-Ops
TICK-1893,CLI-145,Demande d'information sur la mutuelle d'entreprise.,RH,2,3,3,Support-Admin
TICK-1894,CLI-118,Erreur de base de données lors de la sauvegarde.,Logiciel,5,5,4,Dev-Core
TICK-1895,CLI-135,"Lenteur extrême sur le réseau local, impossible de travailler.",Réseau,1,3,5,Infra-Net
TICK-1896,CLI-141,Déclaration de télétravail non validée par le système.,RH,4,1,3,Support-Admin
TICK-1897,CLI-118,Alerte de sécurité : tentative de connexion suspecte.,Accès,1,3,9,Security-Ops
TICK-1898,CLI-101,Coupure totale d'internet dans tout le bâtiment.,Réseau,5,3,9,Infra-Net
TICK-1899,CLI-134,Déclaration de télétravail non validée par le système.,RH,5,1,3,Support-Admin
TICK-1900,CLI-112,Mon écran reste noir malgré le branchement.,Matériel,4,3,3,IT-Hardware
TICK-1901,CLI-132,J'ai oublié mon mot de passe de session.,Accès,2,5,4,Security-Ops
TICK-1902,CLI-122,"La souris ne répond plus, même après changement de piles.",Matériel,3,2,2,IT-Hardware
TICK-1903,CLI-150,Erreur de base de données lors de la sauvegarde.,Logiciel,5,5,4,Dev-Core
TICK-1904,CLI-120,Clavier défectueux : certaines touches ne répondent pas.,Matériel,5,4,4,IT-Hardware
TICK-1905,CLI-124,L'application métier plante au démarrage.,Logiciel,2,2,2,Dev-Core
TICK-1906,CLI-113,Coupure totale d'internet dans tout le bâtiment.,Réseau,2,3,9,Infra-Net
TICK-1907,CLI-141,Compte bloqué après 3 tentatives infructueuses.,Accès,5,2,5,Security-Ops
TICK-1908,CLI-120,Compte bloqué après 3 tentatives infructueuses.,Accès,1,1,3,Security-Ops
TICK-1909,CLI-124,Mise à jour logicielle nécessaire pour le service compta.,Logiciel,1,5,4,Dev-Core
TICK-1910,CLI-133,Demande d'information sur la mutuelle d'entreprise.,RH,2,5,5,Support-Admin
TICK-1911,CLI-101,Impossible d'exporter le rapport mensuel en PDF.,Logiciel,4,5,6,Dev-Core
TICK-1912,CLI-147,Demande d'information sur la mutuelle d'entreprise.,RH,4,4,4,Support-Admin
TICK-1913,CLI-144,Mon écran reste noir malgré le branchement.,Matériel,2,4,3,IT-Hardware
TICK-1914,CLI-139,Demande d'information sur la mutuelle d'entreprise.,RH,4,1,2,Support-Admin
TICK-1915,CLI-102,J'ai oublié mon mot de passe de session.,Accès,5,1,2,Security-Ops
TICK-1916,CLI-116,Nouvel arrivant : création de compte et accès mail.,Accès,5,1,2,Security-Ops
TICK-1917,CLI-141,Clavier défectueux : certaines touches ne répondent pas.,Matériel,1,2,2,IT-Hardware
TICK-1918,CLI-117,Clavier défectueux : certaines touches ne répondent pas.,Matériel,5,1,3,IT-Hardware
TICK-1919,CLI-139,Le wifi ne fonctionne plus au 3ème étage.,Réseau,3,3,4,Infra-Net
TICK-1920,CLI-130,Coupure totale d'internet dans tout le bâtiment.,Réseau,1,5,10,Infra-Net
TICK-1921,CLI-103,Bug d'affichage sur le dashboard des ventes.,Logiciel,5,3,3,Dev-Core
TICK-1922,CLI-134,Mon écran reste noir malgré le branchement.,Matériel,3,4,3,IT-Hardware
TICK-1923,CLI-135,Déclaration de télétravail non validée par le système.,RH,3,4,3,Support-Admin
TICK-1924,CLI-106,Problème de lecture sur ma fiche de paie de janvier.,RH,4,1,2,Support-Admin
TICK-1925,CLI-127,Coupure totale d'internet dans tout le bâtiment.,Réseau,2,1,9,Infra-Net
TICK-1926,CLI-139,Impossible d'exporter le rapport mensuel en PDF.,Logiciel,1,5,5,Dev-Core
TICK-1927,CLI-119,Alerte de sécurité : tentative de connexion suspecte.,Accès,5,5,10,Security-Ops
TICK-1928,CLI-105,"Lenteur extrême sur le réseau local, impossible de travailler.",Réseau,4,4,6,Infra-Net
TICK-1929,CLI-146,Nouvel arrivant : création de compte et accès mail.,Accès,3,1,2,Security-Ops
TICK-1930,CLI-131,Mise à jour logicielle nécessaire pour le service compta.,Logiciel,4,5,5,Dev-Core
TICK-1931,CLI-111,Nouvel arrivant : création de compte et accès mail.,Accès,4,4,3,Security-Ops
TICK-1932,CLI-125,Impossible d'exporter le rapport mensuel en PDF.,Logiciel,2,3,4,Dev-Core
TICK-1933,CLI-142,Comment poser mes congés sur le nouveau portail ?,RH,4,4,4,Support-Admin
TICK-1934,CLI-137,Clavier défectueux : certaines touches ne répondent pas.,Matériel,5,4,3,IT-Hardware
TICK-1935,CLI-123,Problème de lecture sur ma fiche de paie de janvier.,RH,5,3,4,Support-Admin
TICK-1936,CLI-148,Le switch principal semble avoir grillé.,Réseau,1,2,5,Infra-Net
TICK-1937,CLI-140,Bug d'affichage sur le dashboard des ventes.,Logiciel,1,2,2,Dev-Core
TICK-1938,CLI-140,J'ai oublié mon mot de passe de session.,Accès,1,5,5,Security-Ops
TICK-1939,CLI-137,Problème de lecture sur ma fiche de paie de janvier.,RH,4,5,4,Support-Admin
TICK-1940,CLI-119,Déclaration de télétravail non validée par le système.,RH,2,5,4,Support-Admin
TICK-1941,CLI-120,Comment poser mes congés sur le nouveau portail ?,RH,4,5,5,Support-Admin
TICK-1942,CLI-123,Besoin d'un nouveau chargeur pour mon laptop Dell.,Matériel,4,5,5,IT-Hardware
TICK-1943,CLI-137,L'imprimante du service marketing fait un bruit anormal.,Matériel,5,4,4,IT-Hardware
TICK-1944,CLI-147,"Lenteur extrême sur le réseau local, impossible de travailler.",Réseau,5,5,6,Infra-Net
TICK-1945,CLI-136,Déclaration de télétravail non validée par le système.,RH,5,2,2,Support-Admin
TICK-1946,CLI-144,"Lenteur extrême sur le réseau local, impossible de travailler.",Réseau,1,4,6,Infra-Net
TICK-1947,CLI-110,"La souris ne répond plus, même après changement de piles.",Matériel,3,3,3,IT-Hardware
TICK-1948,CLI-138,Coupure totale d'internet dans tout le bâtiment.,Réseau,3,5,10,Infra-Net
TICK-1949,CLI-124,Mon badge d'entrée ne fonctionne plus.,RH,5,4,4,Support-Admin
TICK-1950,CLI-134,Erreur de base de données lors de la sauvegarde.,Logiciel,1,2,3,Dev-Core
TICK-1951,CLI-131,L'application métier plante au démarrage.,Logiciel,2,2,2,Dev-Core
TICK-1952,CLI-119,Comment poser mes congés sur le nouveau portail ?,RH,1,2,2,Support-Admin
TICK-1953,CLI-120,Alerte de sécurité : tentative de connexion suspecte.,Accès,1,5,10,Security-Ops
TICK-1954,CLI-134,Nouvel arrivant : création de compte et accès mail.,Accès,2,2,2,Security-Ops
TICK-1955,CLI-103,Clavier défectueux : certaines touches ne répondent pas.,Matériel,4,1,2,IT-Hardware
TICK-1956,CLI-110,Erreur de base de données lors de la sauvegarde.,Logiciel,4,1,2,Dev-Core
TICK-1957,CLI-130,Demande d'accès au dossier partagé 'Finance'.,Accès,2,2,2,Security-Ops
TICK-1958,CLI-109,J'ai oublié mon mot de passe de session.,Accès,2,1,3,Security-Ops
TICK-1959,CLI-134,Demande d'information sur la mutuelle d'entreprise.,RH,3,3,4,Support-Admin
TICK-1960,CLI-150,Impossible d'exporter le rapport mensuel en PDF.,Logiciel,4,5,6,Dev-Core
TICK-1961,CLI-127,"Lenteur extrême sur le réseau local, impossible de travailler.",Réseau,4,2,5,Infra-Net
TICK-1962,CLI-137,Mon écran reste noir malgré le branchement.,Matériel,1,2,3,IT-Hardware
TICK-1963,CLI-108,Alerte de sécurité : tentative de connexion suspecte.,Accès,1,2,8,Security-Ops
TICK-1964,CLI-107,Nouvel arrivant : création de compte et accès mail.,Accès,1,4,3,Security-Ops
TICK-1965,CLI-116,Demande d'information sur la mutuelle d'entreprise.,RH,4,3,4,Support-Admin
TICK-1966,CLI-133,Compte bloqué après 3 tentatives infructueuses.,Accès,1,3,5,Security-Ops
TICK-1967,CLI-119,Coupure totale d'internet dans tout le bâtiment.,Réseau,3,2,8,Infra-Net
TICK-1968,CLI-121,Besoin d'un nouveau chargeur pour mon laptop Dell.,Matériel,2,5,5,IT-Hardware
TICK-1969,CLI-146,Impossible d'exporter le rapport mensuel en PDF.,Logiciel,5,1,3,Dev-Core
TICK-1970,CLI-138,Clavier défectueux : certaines touches ne répondent pas.,Matériel,4,2,3,IT-Hardware
TICK-1971,CLI-139,Problème de lecture sur ma fiche de paie de janvier.,RH,5,1,3,Support-Admin
TICK-1972,CLI-144,"Lenteur extrême sur le réseau local, impossible de travailler.",Réseau,2,2,4,Infra-Net
TICK-1973,CLI-101,Besoin d'un nouveau chargeur pour mon laptop Dell.,Matériel,5,1,3,IT-Hardware
TICK-1974,CLI-102,Demande d'information sur la mutuelle d'entreprise.,RH,1,1,2,Support-Admin
TICK-1975,CLI-128,Impossible d'exporter le rapport mensuel en PDF.,Logiciel,3,2,5,Dev-Core
TICK-1976,CLI-107,Mon badge d'entrée ne fonctionne plus.,RH,5,5,4,Support-Admin
TICK-1977,CLI-120,L'imprimante du service marketing fait un bruit anormal.,Matériel,1,1,3,IT-Hardware
TICK-1978,CLI-129,Demande d'accès au dossier partagé 'Finance'.,Accès,4,1,2,Security-Ops
TICK-1979,CLI-150,Nouvel arrivant : création de compte et accès mail.,Accès,1,4,4,Security-Ops
TICK-1980,CLI-123,Clavier défectueux : certaines touches ne répondent pas.,Matériel,1,3,3,IT-Hardware
TICK-1981,CLI-101,Impossible d'exporter le rapport mensuel en PDF.,Logiciel,1,3,4,Dev-Core
TICK-1982,CLI-130,Le wifi ne fonctionne plus au 3ème étage.,Réseau,5,4,3,Infra-Net
TICK-1983,CLI-143,Mon badge d'entrée ne fonctionne plus.,RH,3,4,3,Support-Admin
TICK-1984,CLI-100,Besoin d'un nouveau chargeur pour mon laptop Dell.,Matériel,3,4,3,IT-Hardware
TICK-1985,CLI-115,Besoin d'un nouveau chargeur pour mon laptop Dell.,Matériel,4,4,3,IT-Hardware
TICK-1986,CLI-141,Le switch principal semble avoir grillé.,Réseau,1,2,5,Infra-Net
TICK-1987,CLI-140,Compte bloqué après 3 tentatives infructueuses.,Accès,4,3,5,Security-Ops
TICK-1988,CLI-150,"Accès VPN impossible depuis ce matin, erreur 404.",Réseau,3,3,5,Infra-Net
TICK-1989,CLI-110,Alerte de sécurité : tentative de connexion suspecte.,Accès,1,3,10,Security-Ops
TICK-1990,CLI-101,Coupure totale d'internet dans tout le bâtiment.,Réseau,4,3,9,Infra-Net
TICK-1991,CLI-132,J'ai oublié mon mot de passe de session.,Accès,5,1,2,Security-Ops
TICK-1992,CLI-119,J'ai oublié mon mot de passe de session.,Accès,1,3,3,Security-Ops
TICK-1993,CLI-120,Le switch principal semble avoir grillé.,Réseau,5,2,4,Infra-Net
TICK-1994,CLI-148,Mise à jour logicielle nécessaire pour le service compta.,Logiciel,5,5,5,Dev-Core
TICK-1995,CLI-102,Erreur de base de données lors de la sauvegarde.,Logiciel,1,4,3,Dev-Core
TICK-1996,CLI-137,"Accès VPN impossible depuis ce matin, erreur 404.",Réseau,2,3,4,Infra-Net
TICK-1997,CLI-134,Problème de lecture sur ma fiche de paie de janvier.,RH,1,1,3,Support-Admin
TICK-1998,CLI-110,Compte bloqué après 3 tentatives infructueuses.,Accès,4,3,4,Security-Ops
TICK-1999,CLI-119,"Lenteur extrême sur le réseau local, impossible de travailler.",Réseau,2,4,6,Infra-Net
TICK-2000,CLI-112,Besoin d'un nouveau chargeur pour mon laptop Dell.,Matériel,5,1,3,IT-Hardware
